E,L = 180km,L = 200km,L = 300km
0.001,0.9605088217978446,0.9233823991518748,0.9982976211266874
0.003001001001,0.9129632286460443,0.9849723171490056,0.9384424967374517
0.005002002002,0.9528309479720881,0.9446943002160845,0.912683888650885
0.007003003003,0.9328000297041851,0.9935123887366412,0.9858343087843916
0.009004004004,0.9830050263829039,0.9981446258916605,0.9111397268872365
0.011005005005,0.9959758270824283,0.9987491276787503,0.9097986398976803
0.013006006006,0.9747723189650453,0.9133311590337816,0.9204060631803165
0.015007007007,0.9935999590584256,0.911778735375537,0.9829554954759591
0.017008008008,0.9623434800193775,0.9677290602411194,0.9389206358216028
0.019009009009,0.9311255139776224,0.9708873955703268,0.9632182195275347
0.02101001001,0.9606809483198093,0.9376946687185632,0.998374572329967
0.023011011011,0.9826639232648033,0.9429146470506223,0.9114471887481291
0.025012012012,0.9092093509396025,0.9971127231094052,0.9935882810132138
0.027013013013,0.9429731982789883,0.9265224309544202,0.9074745939700098
0.029014014014,0.9967671572232961,0.9159386819858766,0.9912059320884257
0.031015015015,0.9836534666053666,0.9732124378662357,0.9594698358149857
0.033016016016,0.9360617773974873,0.9998584001220808,0.9073183975312256
0.035017017017,0.9081307125690561,0.9724635698957914,0.960692570214052
0.037018018018,0.9162041494817494,0.9297267279253048,0.9999911001856054
0.039019019019,0.9461828132786835,0.9077148617058902,0.9656051377864321
0.04102002002,0.9773801523563871,0.91510203423811,0.9171081353217191
0.043021021021,0.9963472051311858,0.9411501571776499,0.91035475342324
0.045022022022,0.9992715866553079,0.9703783578640479,0.9429801296323617
0.047023023023,0.9889319111888478,0.991518661930681,0.9816582705228708
0.049024024024,0.9708425159702665,0.9998672005784458,0.9997013791398743
0.051025025025,0.9505261661754592,0.9959553410196053,0.9910661388139616
0.053026026026,0.9321712071087626,0.9831803551381533,0.965139785491651
0.055027027027,0.9182898227339976,0.9657799376447589,0.9360573615815856
0.057028028028,0.9099171920183652,0.9475672067624508,0.9149519039613095
0.059029029029,0.9070139994759345,0.9313564904508527,0.9070388839641461
0.06103003003,0.9088793601919442,0.9188562993499645,0.9121577212825134
0.063031031031,0.9144882451932291,0.9108139309471447,0.9267946677072154
0.065032032032,0.922730949062089,0.9072575347812635,0.9461861813903283
0.067033033033,0.9325631728745419,0.9077445158113877,0.9658483545782949
0.069034034034,0.9430866169165157,0.9115722819404751,0.9824037487822417
0.071035035035,0.9535810798770634,0.9179369081735321,0.9938375777313484
0.073036036036,0.9635058151531967,0.9260412161935997,0.9993901056988181
0.075037037037,0.9724834664581931,0.9351607636345898,0.9992711349363044
0.077038038038,0.9802757657425151,0.944678092491199,0.9943279680389107
0.079039039039,0.9867568587800642,0.9540948668350349,0.9857434813903406
0.08104004004,0.9918876977082415,0.9630297812499093,0.9747989905323067
0.083041041041,0.9956932831765096,0.9712081774761844,0.962709505386494
0.085042042042,0.9982434753105085,0.9784475596476875,0.9505241758467979
0.087043043043,0.9996374545307383,0.9846417892596874,0.939078455698064
0.089044044044,0.9999915633669871,0.9897456820138598,0.9289833985228746
0.091045045045,0.9994300962077843,0.9937609755309843,0.9206390621118046
0.093046046046,0.9980785530006894,0.9967241273017149,0.9142616301618186
0.095047047047,0.99605888647395,0.9986960750224572,0.9099166354279206
0.097048048048,0.9934863189683946,0.9997538945386443,0.9075531263470755
0.099049049049,0.9904673649918242,0.9999841829814933,0.9070355857695838
0.10105005005,0.9870987577640995,0.9994779457369035,0.90817187109801
0.103051051051,0.9834670361685773,0.9983267537146321,0.9107364613003996
0.105052052052,0.9796485997836468,0.9966199468486396,0.9144889564603036
0.107053053053,0.9757100830987767,0.9944426807423766,0.9191881690141428
0.109054054054,0.9717089357740913,0.9918746393686229,0.9246023504122106
0.111055055055,0.9676941245861304,0.9889892637418337,0.9305161749046413
0.113056056056,0.9637068954499439,0.9858533721941208,0.93673510042916
0.115057057057,0.9597815515968506,0.982527071105608,0.9430876788180556
0.117058058058,0.9559462175387996,0.9790638751696078,0.9494263167892286
0.119059059059,0.9522235686810159,0.975510973441274,0.9556269104554556
0.12106006006,0.9486315140512632,0.9719095916942906,0.9615876985857861
0.123061061061,0.9451838251750705,0.9682954132847424,0.9672276087564528
0.125062062062,0.941890708112067,0.9646990301332554,0.9724843083161343
0.127063063063,0.9387593184555759,0.9611464029277732,0.9773121195264864
0.129064064064,0.935794220983069,0.9576593155406355,0.9816799150590554
0.131065065065,0.9329977968609697,0.95425581323213,0.9855690754064903
0.133066066066,0.9303706020328577,0.9509506177276705,0.9889715626135009
0.135067067067,0.9279116807924898,0.9477555149187097,0.9918881438976246
0.137068068068,0.9256188386661531,0.9446797129247307,0.994326783102121
0.139069069069,0.9234888786806785,0.9417301697101315,0.9963012064976638
0.14107007007,0.9215178049318978,0.938911890493296,0.997829641350373
0.143071071071,0.91970099713592,0.9362281959104352,0.9989337201608799
0.145072072072,0.9180333595730865,0.9336809623794152,0.9996375399410874
0.147073073073,0.9165094475437187,0.9312708364085989,0.9999668638366243
0.149074074074,0.9151235741610241,0.9289974247595939,0.9999484514290082
0.151075075075,0.9138699000200456,0.9268594624373068,0.9996095038526029
0.153076076076,0.912742508008968,0.9248549604740656,0.998977210198334
0.155077077077,0.9117354652744343,0.9229813354184512,0.9980783823667239
0.157078078078,0.9108428741178766,0.9212355223502894,0.9969391664407676
0.159079079079,0.9100589133859893,0.9196140731333459,0.9955848196742472
0.16108008008,0.9093778717252557,0.9181132414957829,0.9940395432611535
0.163081081081,0.9087941738971089,0.916729056402067,0.9923263621164825
0.165082082082,0.9083024011957529,0.9154573850535386,0.9904670439237414
0.167083083083,0.9078973068735543,0.9142939867316014,0.9884820506683426
0.169084084084,0.9075738273577781,0.9132345585797057,0.9863905167659961
0.171085085085,0.9073270899358294,0.9122747743093745,0.9842102487051793
0.173086086086,0.9071524174926344,0.9114103167122907,0.9819577418512965
0.175087087087,0.9070453308019799,0.9106369047652477,0.9796482107090129
0.177088088088,0.9070015488022429,0.9099503160276388,0.9772956295122502
0.179089089089,0.9070169872248041,0.9093464049519097,0.9749127805136182
0.18109009009,0.9070877558894637,0.9088211176557162,0.9725113077823917
0.183091091091,0.9072101549343865,0.908370503639965,0.9701017746986391
0.185092092092,0.9073806702076159,0.907990724879006,0.967693723656802
0.187093093093,0.9075959680122299,0.907678062657467,0.9652957367707854
0.189094094094,0.9078528893670603,0.9074289224820684,0.9629154966099432
0.191095095095,0.9081484439189532,0.9072398373557305,0.9605598461963446
0.193096096096,0.9084798036202463,0.9071074696648918,0.9582348476630491
0.195097097097,0.9088442962660255,0.9070286118987503,0.9559458391149933
0.197098098098,0.9092393989693516,0.907000186390694,0.9536974893522854
0.199099099099,0.9096627316386623,0.907019244247099,0.951493850213537
0.2011001001,0.9101120505096346,0.907082963606595,0.9493384063772942
0.203101101101,0.9105852417736456,0.9071886473534905,0.9472341225252321
0.205102102102,0.9110803153363646,0.9073337203920212,0.9451834878238147
0.207103103103,0.911595398732723,0.9075157265731604,0.9431885577235345
0.209104104104,0.912128731218362,0.9077323253526739,0.9412509931083333
0.211105105105,0.912678658052486,0.9079812882476888,0.9393720968538202
0.213106106106,0.9132436249827234,0.9082604951490925,0.9375528478726872
0.215107107107,0.9138221729389797,0.9085679305384002,0.9357939327403535
0.217108108108,0.9144129329402748,0.9089016796501849,0.9340957750042405
0.219109109109,0.9150146212160821,0.9092599246146024,0.9324585622869805
0.22111011011,0.9156260345416626,0.909640940608865,0.9308822712979308
0.223111111111,0.9162460457852484,0.9100430920415875,0.9293666908691498
0.225112112112,0.9168735996636048,0.9104648287896785,0.9279114431319814
0.227113113113,0.9175077087014593,0.9109046825037804,0.9265160029489301
0.229114114114,0.9181474493894712,0.9113612629951049,0.9251797157129614
0.231115115115,0.9187919585347957,0.9118332547137955,0.9239018136229641
0.233116116116,0.9194404297978442,0.912319413326637,0.922681430540099
0.235117117117,0.9200921104085233,0.9128185623999393,0.9215176155253127
0.237118118118,0.920746298055031,0.9133295901917493,0.9204093451535577
0.239119119119,0.9214023379381824,0.9138514465561077,0.919355534695358
0.24112012012,0.9220596199842019,0.9143831399608691,0.918355048251386
0.243121121121,0.9227175762089557,0.9149237346195883,0.9174067079207425
0.245122122122,0.9233756782266753,0.9154723477371373,0.9165093020787312
0.247123123123,0.9240334348963564,0.9160281468680138,0.9156615928351252
0.249124124124,0.9246903900991654,0.9165903473857352,0.9148623227392721
0.251125125125,0.9253461206403746,0.9171582100612401,0.9141102207939165
0.253126126126,0.9260002342695437,0.9177310387478548,0.9134040078353263
0.255127127127,0.9266523678128832,0.9183081781700798,0.9127424013332355
0.257128128128,0.9273021854119576,0.9188890118132353,0.9121241196602337
0.259129129129,0.9279493768631155,0.919472959910832,0.9115478858765782
0.26113013013,0.9285936560522685,0.9200594775264157,0.9110124310729487
0.263131131131,0.9292347594798728,0.9206480527265629,0.9105164973104238
0.265132132132,0.9298724448711986,0.921238204841656,0.9100588401939205
0.267133133133,0.9305064898672007,0.9218294828110624,0.9096382311124928
0.269134134134,0.931136690791529,0.9224214636093505,0.9092534591772364
0.271135135135,0.931762861489434,0.9230137507502088,0.9089033328850737
0.273136136136,0.932384832234535,0.9236059728647869,0.9085866815343941
0.275137137137,0.933002448699627,0.9241977823512377,0.9083023564163959
0.277138138138,0.9336155709878936,0.9247888540923167,0.9080492318039908
0.279139139139,0.9342240727210922,0.9253788842379719,0.9078262057583064
0.28114014014,0.9348278401814536,0.9259675890499559,0.9076322007711215
0.283141141141,0.935426771504218,0.9265547038055738,0.9074661642600076
0.285142142142,0.9360207759178943,0.9271399817577882,0.9073270689315013
0.287143143143,0.9366097730294896,0.9277231931489944,0.9072139130263012
0.289144144144,0.9371936921521105,0.9283041242758826,0.9071257204592544
0.291145145145,0.9377724716724787,0.9288825766029041,0.9070615408657676
0.293146146146,0.9383460584560462,0.9294583659219567,0.9070204495652352
0.295147147147,0.9389144072875194,0.9300313215560059,0.9070015474511275
0.297148148148,0.939477480344733,0.9306012856044528,0.9070039608164963
0.299149149149,0.9400352467039267,0.9311681122281585,0.9070268411228566
0.30115015015,0.9405876818745912,0.9317316669721246,0.9070693647196586
0.303151151151,0.9411347673621546,0.9322918261239221,0.907130732520893
0.305152152152,0.9416764902568807,0.9328484761060483,0.9072101696447451
0.307153153153,0.9422128428474446,0.9334015129004755,0.907306925021653
0.309154154154,0.9427438222577377,0.9339508415037407,0.907420270975599
0.311155155155,0.9432694301055445,0.934496375411,0.9075495027829943
0.313156156156,0.9437896721818028,0.9350380361275503,0.9076939382130776
0.315157157157,0.9443045581492441,0.9355757527063969,0.9078529170533572
0.317158158158,0.9448141012592742,0.9361094613105089,0.9080258006232605
0.319159159159,0.9453183180860243,0.9366391047984777,0.9082119712788287
0.32116016016,0.9458172282765628,0.9371646323323574,0.9084108319109907
0.323161161161,0.9463108543163201,0.9376859990065238,0.9086218054396793
0.325162162162,0.9467992213088323,0.938203165496452,0.9088443343058024
0.327163163163,0.9472823567689614,0.938716097726366,0.9090778799628556
0.329164164164,0.9477602904288014,0.9392247665547683,0.9093219223697577
0.331165165165,0.9482330540555246,0.9397291474769086,0.9095759594863019
0.333166166166,0.9487006812804653,0.9402292203432989,0.9098395067724487
0.335167167167,0.9491632074387818,0.9407249690934271,0.9101120966925309
0.337168168168,0.9496206694190742,0.9412163815038693,0.9103932782253008
0.339169169169,0.950073105522372,0.941703448950038,0.9106826163806294
0.34117017017,0.9505205553299416,0.9421861661808458,0.9109796917235446
0.343171171171,0.9509630595793946,0.9426645311056021,0.9112840999062035
0.345172172172,0.9514006600486086,0.9431385445924942,0.9115954512082898
0.347173173173,0.9518333994470001,0.9436082102780406,0.9119133700862558
0.349174174174,0.9522613213137188,0.9440735343869341,0.9122374947317426
0.351175175175,0.9526844699223531,0.9445345255617257,0.9125674766394535
0.353176176176,0.9531028901917659,0.9449911947018264,0.9129029801846884
0.355177177177,0.953516627602697,0.9454435548113338,0.9132436822107001
0.357178178178,0.9539257281197947,0.9458916208552153,0.9135892716259771
0.359179179179,0.9543302381187542,0.9463354096234049,0.9139394490115239
0.36118018018,0.9547302043182629,0.9467749396023939,0.9142939262381612
0.363181181181,0.9551256737164673,0.9472102308539179,0.9146524260938453
0.365182182182,0.9555166935316954,0.9476413049003638,0.9150146819209684
0.367183183183,0.9559033111471825,0.9480681846165407,0.9153804372635778
0.369184184184,0.9562855740595624,0.9484908941274763,0.9157494455244308
0.371185185185,0.9566635298309021,0.9489094587119187,0.916121469631779
0.373186186186,0.9570372260440693,0.9493239047112435,0.9164962817157603
0.375187187187,0.9574067102612326,0.9497342594434757,0.9168736627942611
0.377188188188,0.9577720299853121,0.9501405511221575,0.9172534024680989
0.379189189189,0.9581332326241997,0.9505428087798032,0.9176352986253645
0.38119019019,0.9584903654575871,0.9509410621957,0.9180191571547516
0.383191191191,0.9588434756062448,0.9513353418278199,0.9184047916677001
0.385192192192,0.9591926100036029,0.9517256787486289,0.918792023229165
0.387193193193,0.9595378153694992,0.9521121045845833,0.9191806800968257
0.389194194194,0.9598791381859607,0.9524946514591175,0.9195705974685411
0.391195195195,0.9602166246748977,0.95287335193894,0.9199616172378561
0.393196196196,0.9605503207775937,0.9532482389834582,0.9203535877573642
0.395197197197,0.9608802721358832,0.9536193458971688,0.9207463636097257
0.397198198198,0.9612065240749128,0.9539867062848532,0.9211398053861463
0.399199199199,0.9615291215873911,0.9543503540094301,0.9215337794721161
0.4012002002,0.961848109319234,0.9547103231523244,0.9219281578402145
0.403201201201,0.9621635315565215,0.9550666479762151,0.9223228178497836
0.405202202202,0.9624754322136825,0.955419362890039,0.9227176420532791
0.407203203203,0.9627838548228347,0.9557685024161275,0.9231125180091055
0.409204204204,0.9630888425242047,0.9561141011593624,0.9235073381007485
0.411205205205,0.9633904380575613,0.9564561937782433,0.9239019993620176
0.413206206206,0.9636886837545996,0.9567948149577655,0.9242964033082184
0.415207207207,0.9639836215322143,0.9571299993840076,0.9246904557730724
0.417208208208,0.964275292886606,0.9574617817203408,0.9250840667512115
0.419209209209,0.9645637388881668,0.9577901965851713,0.9254771502460712
0.42121021021,0.9648490001770964,0.9581152785311319,0.9258696241230192
0.423211211211,0.9651311169596986,0.9584370620256469,0.9262614099675477
0.425212212212,0.9654101290053168,0.958755581432795,0.926652432948375
0.427213213213,0.9656860756438634,0.9590708709963993,0.9270426216852948
0.429214214214,0.9659589957639065,0.9593829648242789,0.9274319081216227
0.431215215215,0.9662289278112733,0.9596918968735991,0.9278202274010882
0.433216216216,0.9664959097881388,0.9599977009372596,0.9282075177490292
0.435217217217,0.9667599792525632,0.9603004106312635,0.9285937203577465
0.437218218218,0.9670211733184495,0.960600059383016,0.9289787792758797
0.439219219219,0.9672795286558905,0.9608966804204981,0.9293626413016733
0.44122022022,0.9675350814918783,0.9611903067622705,0.9297452558800007
0.443221221221,0.9677878676113496,0.9614809712082597,0.9301265750030208
0.445222222222,0.9680379223585437,0.9617687063312846,0.9305065531143459
0.447223223223,0.9682852806386485,0.9620535444692802,0.9308851470166003
0.449224224224,0.9685299769197138,0.9623355177181818,0.9312623157822552
0.451225225225,0.9687720452348122,0.9626146579254327,0.9316380206676287
0.453226226226,0.9690115191844262,0.9628909966840774,0.9320122250299424
0.455227227227,0.9692484319390464,0.9631645653274115,0.932384894247329
0.457228228228,0.9694828162419614,0.9634353949241529,0.9327559956416901
0.459229229229,0.9697147044122247,0.9637035162741078,0.9331254984043069
0.46123023023,0.9699441283477832,0.9639689599043002,0.9334933735241059
0.463231231231,0.970171119528754,0.964231756065541,0.9338595937184898
0.465232232232,0.9703957090208349,0.9644919347294094,0.9342241333666448
0.467233233233,0.9706179274788377,0.9647495255856227,0.9345869684452356
0.469234234234,0.9708378051503308,0.9650045580397727,0.9349480764664073
0.471235235235,0.9710553718793826,0.965257061211407,0.9353074364180127
0.473236236236,0.9712706571103935,0.9655070639324332,0.9356650287059867
0.475237237237,0.9714836898920068,0.9657545947458285,0.9360208350987929
0.477238238238,0.9716944988810916,0.9659996819046353,0.9363748386738701
0.479239239239,0.971903112346786,0.9662423533712255,0.9367270237660076
0.48124024024,0.9721095581745963,0.966482636816818,0.9370773759175821
0.483241241241,0.9723138638705418,0.966720559621231,0.9374258818305894
0.485242242242,0.9725160565653388,0.9669561488728587,0.9377725293204097
0.487243243243,0.97271616301862,0.9671894313688537,0.9381173072712428
0.489244244244,0.9729142096231784,0.9674204336155057,0.938460205593156
0.491245245245,0.9731102224092354,0.9676491818288009,0.9388012151806877
0.493246246246,0.9733042270487225,0.9678757019351526,0.9391403278729485
0.495247247247,0.9734962488595766,0.9681000195722902,0.9394775364151727
0.497248248248,0.97368631281004,0.9683221600902963,0.9398128344216617
0.499249249249,0.9738744435229645,0.9685421485527815,0.9401462163400762
0.50125025025,0.974060665280112,0.9687600097381897,0.9404776774170244
0.503251251251,0.9742450020264516,0.9689757681412194,0.9408072136649042
0.505252252252,0.9744274773744462,0.9691894479743598,0.9411348218299513
0.507253253253,0.9746081146083282,0.9694010731695266,0.9414604993614534
0.509254254254,0.9747869366883595,0.9696106673797945,0.9417842443820857
0.511255255255,0.9749639662550738,0.9698182539812172,0.9421060556593324
0.513256256256,0.975139225633499,0.9700238560747289,0.9424259325779497
0.515257257257,0.9753127368373563,0.9702274964881188,0.9427438751134388
0.517258258258,0.9754845215732346,0.9704291977780766,0.9430598838064893
0.519259259259,0.9756546012447385,0.970628982232298,0.9433739597383596
0.52126026026,0.9758229969566062,0.970826871871649,0.9436861045071614
0.523261261261,0.9759897295187994,0.9710228884523819,0.9439963202050149
0.525262262262,0.9761548194505583,0.9712170534683979,0.9443046093960452
0.527263263263,0.9763182869844258,0.971409388153553,0.944610975095188
0.529264264264,0.9764801520702356,0.971599913484001,0.9449154207477776
0.531265265265,0.9766404343790653,0.971788650180572,0.945217950209888
0.533266266266,0.9767991533071518,0.9719756187111799,0.9455185677294013
0.535267267267,0.9769563279797701,0.9721608392932569,0.9458172779277761
0.537268268268,0.9771119772550722,0.9723443318962112,0.9461140857824922
0.539269269269,0.9772661197278881,0.9725261162439046,0.946408996610147
0.54127027027,0.9774187737334854,0.9727062118171467,0.9467020160501797
0.543271271271,0.9775699573512895,0.9728846378562032,0.9469931500492029
0.545272272272,0.9777196884085614,0.9730614133633159,0.9472824048459167
0.547273273273,0.9778679844840357,0.9732365571052304,0.9475697869565882
0.549274274274,0.9780148629115151,0.9734100876157313,0.9478553031610726
0.551275275275,0.9781603407834234,0.9735820231981811,0.94813896048936
0.553276276276,0.9783044349543167,0.9737523819280606,0.9484207662086261
0.555277277277,0.9784471620443511,0.9739211816555101,0.9487007278107716
0.557278278278,0.9785885384427074,0.9740884400078683,0.9489788530004302
0.559279279279,0.9787285803109748,0.9742541743922083,0.9492551496834297
0.56128028028,0.9788673035864891,0.9744184019978673,0.9495296259556918
0.563281281281,0.9790047239856308,0.9745811397989711,0.949802290092551
0.565282282282,0.9791408570070783,0.9747424045569493,0.950073150538481
0.567283283283,0.9792757179350193,0.9749022128230417,0.9503422158972126
0.569284284284,0.9794093218423195,0.9750605809407938,0.9506094949222295
0.571285285285,0.9795416835936488,0.9752175250485411,0.9508749965076282
0.573286286286,0.9796728178485649,0.9753730610818799,0.9511387296793293
0.575287287287,0.979802739064555,0.9755272047761243,0.9514007035866275
0.577288288288,0.9799314615000362,0.975679971668749,0.951660927494068
0.579289289289,0.9800589992173131,0.9758313771018162,0.9519194107736381
0.58129029029,0.9801853660854949,0.9759814362243858,0.9521761628972625
0.583291291291,0.9803105757833709,0.9761301639949094,0.9524311934295909
0.585292292292,0.9804346418022456,0.9762775751836053,0.9526845120210692
0.587293293293,0.9805575774487333,0.976423684374816,0.9529361284012807
0.589294294294,0.980679395847512,0.9765685059693472,0.9531860523725529
0.591295295295,0.9808001099440384,0.9767120541867859,0.9534342938038138
0.593296296296,0.9809197325072229,0.9768543430677996,0.9536808626246958
0.595297297297,0.981038276132065,0.9769953864764156,0.9539257688198716
0.597298298298,0.9811557532422517,0.977135198102278,0.9541690224236198
0.599299299299,0.981272176092716,0.9772737914628857,0.9544106335146073
0.6013003003,0.981387556772158,0.9774111799058073,0.9546506122108833
0.603301301301,0.981501907205529,0.9775473766108755,0.9548889686650768
0.605302302302,0.9816152391564773,0.9776823945923592,0.9551257130597889
0.607303303303,0.9817275642297594,0.9778162467011131,0.9553608556031762
0.609304304304,0.9818388938736126,0.9779489456267066,0.9555944065247144
0.611305305305,0.9819492393820934,0.9780805038995287,0.9558263760711383
0.613306306306,0.9820586118973801,0.9782109338928706,0.956056774502551
0.615307307307,0.98216702241204,0.9783402478249869,0.9562856120886966
0.617308308308,0.9822744817712629,0.9784684577611331,0.9565128991053894
0.619309309309,0.9823810006750594,0.9785955756155804,0.9567386458310959
0.62131031031,0.9824865896804268,0.9787216131536082,0.9569628625436617
0.623311311311,0.9825912592034809,0.9788465819934733,0.9571855595171802
0.625312312312,0.9826950195215554,0.978970493608357,0.9574067470189966
0.627313313313,0.9827978807752685,0.9790933593282889,0.957626435306843
0.629314314314,0.9828998529705585,0.979215190342048,0.9578446346260993
0.631315315315,0.9830009459806868,0.9793359976990413,0.958061355207176
0.633316316316,0.9831011695482107,0.9794557923111602,0.9582766072630139
0.635317317317,0.9832005332869252,0.9795745849546132,0.9584904009866968
0.637318318318,0.9832990466837751,0.9796923862717378,0.9587027465491731
0.639319319319,0.9833967191007359,0.9798092067727882,0.9589136540970813
0.64132032032,0.9834935597766676,0.9799250568377025,0.9591231337506776
0.643321321321,0.9835895778291378,0.9800399467178468,0.9593311956018602
0.645322322322,0.9836847822562167,0.9801538865377373,0.9595378497122877
0.647323323323,0.983779181938245,0.9802668862967412,0.9597431061115868
0.649324324324,0.9838727856395725,0.9803789558707552,0.959946974795648
0.651325325325,0.9839656020102706,0.9804901050138628,0.9601494657250047
0.653326326326,0.9840576395878182,0.9806003433599703,0.960350588823293
0.655327327327,0.9841489067987595,0.9807096804244211,0.960550353975789
0.657328328328,0.984239411960338,0.9808181256055897,0.9607487710280208
0.659329329329,0.9843291632821028,0.980925688186454,0.9609458497844533
0.66133033033,0.9844181688674909,0.9810323773361472,0.9611416000072412
0.663331331331,0.9845064367153844,0.9811382021114898,0.9613360314150504
0.665332332332,0.9845939747216428,0.9812431714585002,0.9615291536819415
0.667333333333,0.9846807906806111,0.9813472942138853,0.9617209764363172
0.669334334334,0.9847668922866052,0.9814505791065128,0.9619115092599283
0.671335335335,0.9848522871353728,0.981553034758861,0.9621007616869374
0.673336336336,0.9849369827255314,0.981654669688451,0.9622887432030369
0.675337337337,0.9850209864599844,0.9817554923092596,0.9624754632446215
0.677338338338,0.9851043056473141,0.9818555109331115,0.9626609311980107
0.679339339339,0.9851869475031532,0.9819547337710541,0.9628451563987204
0.68134034034,0.9852689191515344,0.9820531689347127,0.9630281481307831
0.683341341341,0.985350227626219,0.9821508244376277,0.9632099156261114
0.685342342342,0.9854308798720048,0.9822477081965727,0.9633904680639072
0.687343343343,0.9855108827460124,0.9823438280328554,0.9635698145701117
0.689344344344,0.9855902430189524,0.9824391916735997,0.9637479642168968
0.691345345345,0.985668967376372,0.9825338067530113,0.9639249260221936
0.693346346346,0.9857470624198825,0.9826276808136238,0.9641007089492608
0.695347347347,0.9858245346683667,0.9827208213075298,0.9642753219062865
0.697348348348,0.9859013905591681,0.9828132355975931,0.964448773746026
0.699349349349,0.9859776364492612,0.9829049309586455,0.964621073265472
0.70135035035,0.9860532786164026,0.9829959145786653,0.9647922292055572
0.703351351351,0.9861283232602657,0.9830861935599408,0.9649622502508867
0.705352352352,0.9862027765035559,0.9831757749202168,0.9651311450295003
0.707353353353,0.9862766443931096,0.9832646655938252,0.9652989221126623
0.709354354354,0.986349932900975,0.9833528724327998,0.9654655900146798
0.711355355355,0.9864226479254762,0.9834404022079754,0.9656311571927443
0.713356356356,0.9864947952922617,0.9835272616100711,0.9657956320468012
0.715357357357,0.9865663807553344,0.9836134572507597,0.9659590229194406
0.717358358358,0.9866374099980679,0.9836989956637198,0.9661213380958125
0.719359359359,0.9867078886342049,0.9837838833056752,0.9662825858035633
0.72136036036,0.986777822208841,0.9838681265574186,0.9664427742127933
0.723361361361,0.9868472161993932,0.9839517317248211,0.9666019114360348
0.725362362362,0.9869160760165532,0.9840347050398268,0.9667600055282484
0.727363363363,0.9869844070052253,0.9841170526614347,0.9669170644868389
0.729364364364,0.9870522144454504,0.9841987806766656,0.9670730962516887
0.731365365365,0.9871195035533157,0.9842798951015155,0.9672281087052069
0.733366366366,0.9871862794818493,0.9843604018818957,0.9673821096723962
0.735367367367,0.9872525473219022,0.9844403068945596,0.967535106920934
0.737368368368,0.9873183121030153,0.9845196159480166,0.9676871081612689
0.739369369369,0.9873835787942746,0.984598334783432,0.9678381210467312
0.74137037037,0.9874483523051514,0.9846764690755153,0.9679881531736565
0.743371371371,0.9875126374863307,0.9847540244333958,0.9681372120815228
0.745372372372,0.9875764391305263,0.9848310064014848,0.9682853052530996
0.747373373373,0.9876397619732836,0.9849074204603268,0.9684324401146078
0.749374374374,0.98770261069377,0.9849832720274375,0.9685786240358927
0.751375375375,0.9877649899155524,0.9850585664581311,0.9687238643306052
0.753376376376,0.9878269042073642,0.9851333090463347,0.9688681682563955
0.755377377377,0.9878883580838591,0.9852075050253919,0.9690115430151147
0.757378378378,0.987949356006354,0.9852811595688545,0.9691539957530257
0.759379379379,0.9880099023835607,0.985354277791264,0.969295533561024
0.76138038038,0.9880700015723056,0.9854268647489202,0.9694361634748657
0.763381381381,0.9881296578782393,0.9854989254406404,0.9695758924754029
0.765382382382,0.9881888755565348,0.9855704648085079,0.9697147274888278
0.767383383383,0.9882476588125754,0.9856414877386084,0.969852675386923
0.769384384384,0.9883060118026312,0.9857119990617577,0.9699897429873185
0.771385385385,0.9883639386345273,0.985782003554218,0.9701259370537549
0.773386386386,0.9884214433682993,0.9858515059384044,0.9702612642963532
0.775387387387,0.9884785300168405,0.9859205108835816,0.9703957313718886
0.777388388388,0.9885352025465394,0.9859890230065499,0.9705293448840719
0.779389389389,0.9885914648779062,0.986057046872323,0.9706621113838338
0.78139039039,0.9886473208861912,0.9861245869947945,0.9707940373696142
0.783391391391,0.9887027744019932,0.9861916478373964,0.9709251292876573
0.785392392392,0.9887578292118583,0.9862582338137473,0.9710553935323083
0.787393393393,0.9888124890588711,0.9863243492882923,0.9711848364463166
0.789394394394,0.9888667576432354,0.9863899985769328,0.9713134643211405
0.791395395395,0.9889206386228468,0.9864551859476486,0.9714412833972558
0.793396396396,0.9889741356138575,0.9865199156211103,0.9715682998644678
0.795397397397,0.9890272521912309,0.9865841917712836,0.971694519862226
0.797398398398,0.9890799918892894,0.9866480185260253,0.9718199494799408
0.799399399399,0.9891323582022538,0.9867113999676697,0.9719445947573032
0.8014004004,0.9891843545847734,0.9867743401336081,0.9720684616846071
0.803401401401,0.9892359844524502,0.98683684301686,0.972191556203072
0.805402402402,0.9892872511823533,0.9868989125666353,0.972313884205169
0.807403403403,0.9893381581135272,0.9869605526888896,0.9724354515349479
0.809404404404,0.9893887085474916,0.9870217672468713,0.9725562639883658
0.811405405405,0.989438905748734,0.9870825600616613,0.9726763273136165
0.813406406406,0.9894887529451956,0.9871429349127044,0.9727956472114618
0.815407407407,0.9895382533287486,0.9872028955383346,0.9729142293355632
0.817408408408,0.9895874100556685,0.9872624456362917,0.9730320792928141
0.819409409409,0.9896362262470976,0.9873215888642314,0.9731492026436741
0.82141041041,0.9896847049895021,0.9873803288402283,0.9732656049025019
0.823411411411,0.9897328493351236,0.9874386691432715,0.9733812915378898
0.825412412412,0.9897806623024223,0.9874966133137539,0.9734962679729984
0.827413413413,0.9898281468765151,0.987554164853954,0.9736105395858908
0.829414414414,0.9898753060096063,0.9876113272285114,0.973724111709868
0.831415415415,0.9899221426214124,0.9876681038648957,0.9738369896338024
0.833416416416,0.9899686595995811,0.987724498153869,0.9739491786024732
0.835417417417,0.9900148598001033,0.9877805134499413,0.9740606838168999
0.837418418418,0.9900607460477198,0.9878361530718207,0.9741715104346762
0.839419419419,0.9901063211363219,0.9878914203028564,0.9742816635703033
0.84142042042,0.9901515878293461,0.9879463183914761,0.9743911482955228
0.843421421421,0.9901965488601631,0.988000850551617,0.9744999696396478
0.845422422422,0.9902412069324611,0.9880550199631517,0.9746081325898956
0.847423423423,0.9902855647206239,0.9881088297723066,0.974715642091717
0.849424424424,0.990329624870103,0.9881622830920767,0.9748225030491267
0.851425425425,0.9903733899977852,0.9882153830026325,0.9749287203250312
0.853426426426,0.9904168626923535,0.9882681325517229,0.9750342987415574
0.855427427427,0.9904600455146443,0.9883205347550721,0.9751392430803785
0.857428428428,0.9905029409979985,0.9883725925967707,0.9752435580830392
0.859429429429,0.9905455516486084,0.9884243090296618,0.9753472484512807
0.86143043043,0.9905878799458582,0.9884756869757222,0.9754503188473633
0.863431431431,0.9906299283426617,0.9885267293264368,0.9755527738943877
0.865432432432,0.9906716992657933,0.9885774389431706,0.9756546181766158
0.867433433433,0.9907131951162154,0.9886278186575326,0.9757558562397894
0.869434434434,0.9907544182694004,0.9886778712717372,0.9758564925914478
0.871435435435,0.9907953710756487,0.9887275995589594,0.9759565317012432
0.873436436436,0.9908360558604029,0.988777006263685,0.9760559780012558
0.875437437437,0.9908764749245549,0.9888260941020576,0.9761548358863065
0.877438438438,0.9909166305447519,0.9888748657622186,0.9762531097142678
0.879439439439,0.990956524973696,0.9889233239046447,0.9763508038063738
0.88144044044,0.9909961604404405,0.9889714711624794,0.976447922447528
0.883441441441,0.9910355391506811,0.989019310141861,0.9765444698866094
0.885442442442,0.9910746632870443,0.9890668434222454,0.9766404503367773
0.887443443443,0.991113535009371,0.9891140735567252,0.9767358679757736
0.889444444444,0.9911521564549958,0.989161003072344,0.9768307269462245
0.891445445445,0.991190529739023,0.9892076344704066,0.9769250313559391
0.893446446446,0.9912286569545989,0.9892539702267857,0.9770187852782067
0.895447447447,0.9912665401731795,0.989300012792223,0.9771119927520928
0.897448448448,0.9913041814447953,0.989345764592628,0.9772046577827325
0.899449449449,0.9913415827983115,0.9893912280293714,0.9772967843416219
0.90145045045,0.991378746241686,0.9894364054795757,0.9773883763669089
0.903451451451,0.9914156737622222,0.9894812992964007,0.97747943776368
0.905452452452,0.9914523673268195,0.9895259118093267,0.9775699724042474
0.907453453453,0.9914888288822198,0.9895702453244324,0.9776599841284325
0.909454454454,0.9915250603552508,0.9896143021246704,0.9777494767438482
0.911455455455,0.9915610636530656,0.9896580844701378,0.9778384540261792
0.913456456456,0.9915968406633796,0.9897015945983446,0.9779269197194603
0.915457457457,0.991632393254704,0.9897448347244775,0.9780148775363525
0.917458458458,0.991667723276575,0.9897878070416603,0.9781023311584175
0.919459459459,0.9917028325597822,0.9898305137212113,0.9781892842363898
0.92146046046,0.9917377229165911,0.9898729569128976,0.9782757403904473
0.923461461461,0.9917723961409649,0.9899151387451846,0.9783617032104793
0.925462462462,0.9918068540087818,0.9899570613254839,0.9784471762563536
0.927463463463,0.9918410982780502,0.989998726740397,0.9785321630581795
0.929464464464,0.9918751306891205,0.990040137055956,0.9786166671165716
0.931465465465,0.991908952964894,0.9900812943178611,0.9787006919029094
0.933466466466,0.9919425668110295,0.9901222005517152,0.9787842408595957
0.935467467467,0.9919759739161467,0.9901628577632553,0.9788673174003131
0.937468468468,0.9920091759520263,0.9902032679385807,0.9789499249102782
0.939469469469,0.9920421745738092,0.9902434330443787,0.9790320667464942
0.94147047047,0.9920749714201905,0.9902833550281468,0.9791137462380013
0.943471471471,0.9921075681136136,0.9903230358184122,0.9791949666861243
0.945472472472,0.9921399662604591,0.990362477324949,0.9792757313647202
0.947473473473,0.9921721674512333,0.9904016814389917,0.9793560435204218
0.949474474474,0.9922041732607526,0.9904406500334462,0.9794359063728804
0.951475475475,0.9922359852483268,0.9904793849630988,0.9795153231150061
0.953476476476,0.992267604957939,0.9905178880648217,0.9795942969132063
0.955477477477,0.9922990339184231,0.9905561611577754,0.9796728309076226
0.957478478478,0.9923302736436398,0.9905942060436106,0.9797509282123646
0.959479479479,0.9923613256326491,0.9906320245066645,0.9798285919157436
0.96148048048,0.9923921913698819,0.9906696183141572,0.9799058250805021
0.963481481481,0.9924228723253077,0.9907069892163842,0.9799826307440432
0.965482482482,0.9924533699546015,0.9907441389469066,0.9800590119186576
0.967483483483,0.9924836856993079,0.9907810692227396,0.9801349715917479
0.969484484484,0.9925138209870029,0.990817781744537,0.9802105127260519
0.971485485485,0.9925437772314538,0.990854278196776,0.9802856382598636
0.973486486486,0.9925735558327771,0.990890560247936,0.9803603511072526
0.975487487487,0.9926031581775943,0.9909266295506789,0.980434654158281
0.977488488488,0.9926325856391849,0.9909624877420244,0.9805085502792191
0.979489489489,0.9926618395776391,0.9909981364435244,0.9805820423127588
0.98149049049,0.9926909213400066,0.9910335772614347,0.9806551330782257
0.983491491491,0.9927198322604448,0.9910688117868846,0.9807278253717882
0.985492492492,0.9927485736603646,0.9911038415960447,0.9808001219666659
0.987493493493,0.992777146848574,0.9911386682502918,0.9808720256133363
0.989494494494,0.9928055531214206,0.9911732932963729,0.9809435390397384
0.991495495495,0.9928337937629315,0.9912077182665658,0.9810146649514753
0.993496496496,0.9928618700449519,0.9912419446788387,0.9810854060320157
0.995497497497,0.9928897832272815,0.9912759740370076,0.9811557649428919
0.997498498498,0.9929175345578101,0.991309807830891,0.9812257443238982
0.999499499499,0.9929451252726494,0.9913434475364636,0.9812953467932849
1.0015005005,0.992972556596266,0.9913768946160082,0.9813645749479535
1.0035015015,0.99299982974161,0.991410150518264,0.9814334313636475
1.0055025025,0.9930269459102435,0.9914432166785754,0.9815019185951431
1.0075035035,0.9930539062924671,0.9914760945190374,0.9815700391764383
1.0095045045,0.9930807120674449,0.9915087854486396,0.9816377956209383
1.01150550551,0.9931073644033273,0.9915412908634085,0.9817051904216424
1.01350650651,0.993133864457373,0.9915736121465478,0.981772226051326
1.01550750751,0.9931602133760691,0.9916057506685774,0.9818389049627229
1.01750850851,0.99318641229525,0.9916377077874702,0.9819052295887057
1.01950950951,0.9932124623402139,0.9916694848487877,0.9819712023424643
1.02151051051,0.9932383646258389,0.9917010831858132,0.9820368256176819
1.02351151151,0.9932641202566975,0.9917325041196844,0.9821021017887116
1.02551251251,0.9932897303271685,0.9917637489595234,0.9821670332107488
1.02751351351,0.9933151959215489,0.9917948190025654,0.9822316222200039
1.02951451451,0.9933405181141638,0.9918257155342866,0.982295871133873
1.03151551552,0.9933656979694749,0.9918564398285287,0.9823597822511055
1.03351651652,0.9933907365421878,0.9918869931476245,0.9824233578519733
1.03551751752,0.9934156348773576,0.9919173767425192,0.9824866001984351
1.03751851852,0.9934403940104938,0.9919475918528923,0.9825495115343014
1.03951951952,0.993465014967663,0.9919776397072769,0.9826120940853967
1.04152052052,0.9934894987655919,0.9920075215231783,0.9826743500597215
1.04352152152,0.9935138464117665,0.99203723850719,0.982736281647611
1.04552252252,0.9935380589045333,0.99206679185511,0.9827978910218942
1.04752352352,0.9935621372331955,0.9920961827520541,0.9828591803380503
1.04952452452,0.9935860823781122,0.9921254123725688,0.9829201517343643
1.05152552553,0.9936098953107922,0.9921544818807422,0.9829808073320802
1.05352652653,0.9936335769939902,0.9921833924303143,0.983041149235554
1.05552752753,0.9936571283817991,0.9922121451647853,0.9831011795324046
1.05752852853,0.9936805504197431,0.9922407412175229,0.9831609002936633
1.05952952953,0.9937038440448684,0.9922691817118684,0.9832203135739219
1.06153053053,0.9937270101858338,0.9922974677612411,0.9832794214114798
1.06353153153,0.9937500497629987,0.992325600469242,0.9833382258284891
1.06553253253,0.9937729636885124,0.9923535809297563,0.9833967288310986
1.06753353353,0.9937957528663995,0.9923814102270538,0.9834549324095969
1.06953453453,0.9938184181926466,0.992409089435889,0.9835128385385536
1.07153553554,0.9938409605552866,0.9924366196215997,0.983570449176959
1.07353653654,0.9938633808344824,0.9924640018402046,0.9836277662683632
1.07553753754,0.9938856799026099,0.9924912371384991,0.9836847917410135
1.07753853854,0.9939078586243392,0.9925183265541511,0.9837415275079903
1.07953953954,0.9939299178567155,0.9925452711157946,0.9837979754673419
1.08154054054,0.993951858449239,0.9925720718431228,0.9838541375022184
1.08354154154,0.9939736812439434,0.9925987297469795,0.9839100154810035
1.08554254254,0.9939953870754737,0.9926252458294507,0.9839656112574464
1.08754354354,0.9940169767711634,0.9926516210839531,0.9840209266707903
1.08954454454,0.9940384511511102,0.992677856495324,0.9840759635459022
1.09154554555,0.9940598110282508,0.9927039530399079,0.9841307236933998
1.09354654655,0.9940810572084355,0.9927299116856434,0.9841852089097773
1.09554754755,0.9941021904905015,0.9927557333921488,0.984239420977531
1.09754854855,0.9941232116663447,0.9927814191108066,0.984293361665283
1.09954954955,0.9941441215209919,0.9928069697848472,0.9843470327279031
1.10155055055,0.994164920832671,0.9928323863494309,0.9844004359066313
1.10355155155,0.9941856103728814,0.9928576697317306,0.9844535729291973
1.10555255255,0.9942061909064622,0.9928828208510112,0.98450644550994
1.10755355355,0.9942266631916613,0.9929078406187104,0.9845590553499257
1.10955455455,0.994247027980202,0.9929327299385171,0.9846114041370644
1.11155555556,0.9942672860173504,0.9929574897064491,0.9846634935462265
1.11355655656,0.9942874380419803,0.9929821208109307,0.9847153252393567
1.11555755756,0.9943074847866392,0.9930066241328682,0.9847669008655882
1.11755855856,0.9943274269776119,0.9930310005457255,0.9848182220613546
1.11955955956,0.9943472653349844,0.9930552509155984,0.9848692904505024
1.12156056056,0.9943670005727064,0.9930793761012882,0.9849201076444003
1.12356156156,0.9943866333986536,0.9931033769543742,0.9849706752420494
1.12556256256,0.9944061645146891,0.993127254319286,0.9850209948301911
1.12756356356,0.9944255946167236,0.9931510090333738,0.9850710679834146
1.12956456456,0.9944449243947758,0.9931746419269796,0.9851208962642629
1.13156556557,0.9944641545330314,0.9931981538235054,0.9851704812233388
1.13356656657,0.9944832857099014,0.9932215455394832,0.9852198243994084
1.13556756757,0.9945023185980805,0.9932448178846416,0.9852689273195047
1.13756856857,0.9945212538646038,0.993267971661974,0.98531779149903
1.13956956957,0.9945400921709037,0.9932910076678041,0.9853664184418574
1.14157057057,0.9945588341728654,0.9933139266918518,0.9854148096404305
1.14357157157,0.9945774805208824,0.9933367295172979,0.9854629665758637
1.14557257257,0.9945960318599111,0.9933594169208487,0.9855108907180404
1.14757357357,0.9946144888295245,0.9933819896727986,0.9855585835257101
1.14957457457,0.9946328520639662,0.9934044485370932,0.9856060464465858
1.15157557558,0.9946511221922023,0.9934267942713916,0.985653280917439
1.15357657658,0.994669299837974,0.9934490276271268,0.9857002883641951
1.15557757758,0.9946873856198494,0.9934711493495674,0.985747070202027
1.15757857858,0.9947053801512736,0.9934931601778761,0.9857936278354484
1.15957957958,0.9947232840406204,0.9935150608451705,0.9858399626584055
1.16158058058,0.9947410978912408,0.9935368520785804,0.9858860760543685
1.16358158158,0.9947588223015129,0.9935585345993067,0.9859319693964225
1.16558258258,0.9947764578648909,0.9935801091226775,0.9859776440473561
1.16758358358,0.9947940051699523,0.9936015763582061,0.986023101359751
1.16958458458,0.9948114648004464,0.9936229370096463,0.9860683426760695
1.17158558559,0.9948288373353408,0.9936441917750475,0.9861133693287413
1.17358658659,0.9948461233488683,0.9936653413468102,0.9861581826402501
1.17558758759,0.9948633234105728,0.9936863864117396,0.9862027839232193
1.17758858859,0.9948804380853545,0.9937073276510995,0.9862471744804956
1.17958958959,0.9948974679335153,0.9937281657406651,0.9862913556052337
1.18159059059,0.9949144135108031,0.9937489013507759,0.9863353285809792
1.18359159159,0.9949312753684557,0.9937695351463864,0.9863790946817502
1.18559259259,0.9949480540532445,0.9937900677871188,0.9864226551721198
1.18759359359,0.9949647501075173,0.9938104999273125,0.9864660113072957
1.18959459459,0.994981364069241,0.9938308322160749,0.9865091643332009
1.1915955956,0.9949978964720436,0.993851065297331,0.9865521154865526
1.1935965966,0.9950143478452557,0.9938711998098719,0.9865948659949408
1.1955975976,0.9950307187139518,0.993891236387404,0.9866374170769056
1.1975985986,0.9950470095989907,0.9939111756585967,0.9866797699420146
1.1995995996,0.9950632210170564,0.9939310182471296,0.9867219257909388
1.2016006006,0.9950793534806968,0.9939507647717402,0.9867638858155285
1.2036016016,0.995095407498364,0.9939704158462692,0.986805651198888
1.2056026026,0.9951113835744528,0.9939899720797079,0.9868472231154494
1.2076036036,0.9951272822093395,0.9940094340762422,0.9868886027310463
1.2096046046,0.9951431038994193,0.9940288024352986,0.9869297912029865
1.21160560561,0.9951588491371447,0.9940480777515883,0.9869707896801243
1.21360660661,0.9951745184110622,0.9940672606151509,0.9870115993029315
1.21560760761,0.9951901122058496,0.9940863516113988,0.987052221203568
1.21760860861,0.9952056310023519,0.9941053513211588,0.9870926565059522
1.21960960961,0.995221075277618,0.9941242603207165,0.9871329063258307
1.22161061061,0.9952364455049356,0.9941430791818571,0.9871729717708462
1.22361161161,0.9952517421538671,0.9941618084719072,0.987212853940606
1.22561261261,0.9952669656902838,0.9941804487537768,0.9872525539267498
1.22761361361,0.9952821165764014,0.9941990005859993,0.9872920728130161
1.22961461461,0.9952971952708131,0.9942174645227727,0.9873314116753086
1.23161561562,0.9953122022285237,0.9942358411139985,0.9873705715817618
1.23361661662,0.9953271379009834,0.9942541309053222,0.9874095535928059
1.23561761762,0.9953420027361203,0.9942723344381718,0.9874483587612313
1.23761861862,0.9953567971783734,0.9942904522497964,0.9874869881322521
1.23961961962,0.9953715216687249,0.9943084848733051,0.9875254427435701
1.24162062062,0.9953861766447318,0.9943264328377045,0.9875637236254362
1.24362162162,0.9954007625405581,0.994344296667936,0.9876018318007134
1.24562262262,0.9954152797870058,0.994362076884913,0.9876397682849377
1.24762362362,0.995429728811546,0.9943797740055577,0.9876775340863796
1.24962462462,0.9954441100383493,0.9943973885428374,0.9877151302061035
1.25162562563,0.9954584238883164,0.9944149210058004,0.9877525576380283
1.25362662663,0.9954726707791077,0.9944323718996113,0.9877898173689861
1.25562762763,0.9954868511251739,0.9944497417255868,0.9878269103787812
1.25762862863,0.9955009653377839,0.9944670309812293,0.9878638376402479
1.25962962963,0.9955150138250553,0.9944842401602629,0.9879006001193082
1.26163063063,0.9955289969919819,0.9945013697526665,0.9879371987750291
1.26363163163,0.9955429152404635,0.9945184202447074,0.9879736345596786
1.26563263263,0.9955567689693324,0.9945353921189755,0.9880099084187822
1.26763363363,0.995570558574383,0.9945522858544155,0.9880460212911781
1.26963463463,0.995584284448398,0.99456910192636,0.9880819741090723
1.27163563564,0.9955979469811759,0.9945858408065622,0.988117767798093
1.27363663664,0.9956115465595589,0.9946025029632268,0.9881534032773446
1.27563763764,0.9956250835674583,0.9946190888610431,0.9881888814594612
1.27763863864,0.9956385583858818,0.9946355989612151,0.9882242032506594
1.27963963964,0.9956519713929595,0.9946520337214935,0.9882593695507913
1.28164064064,0.9956653229639694,0.994668393596206,0.9882943812533957
1.28364164164,0.9956786134713634,0.9946846790362873,0.9883292392457507
1.28564264264,0.9956918432847925,0.9947008904893102,0.9883639444089234
1.28764364364,0.9957050127711317,0.9947170283995144,0.988398497617822
1.28964464464,0.9957181222945051,0.9947330932078366,0.9884328997412447
1.29164564565,0.9957311722163104,0.9947490853519396,0.9884671516419303
1.29364664665,0.9957441628952428,0.9947650052662406,0.9885012541766067
1.29564764765,0.9957570946873199,0.9947808533819406,0.9885352081960402
1.29764864865,0.9957699679459044,0.9947966301270521,0.9885690145450835
1.29964964965,0.9957827830217288,0.9948123359264277,0.9886026740627237
1.30165065065,0.9957955402629178,0.9948279712017871,0.9886361875821301
1.30365165165,0.9958082400150119,0.9948435363717453,0.9886695559307006
1.30565265265,0.99582088262099,0.994859031851839,0.9887027799301087
1.30765365365,0.9958334684212921,0.994874458054554,0.9887358603963496
1.30965465465,0.9958459977538417,0.994889815389352,0.988768798139786
1.31165565566,0.9958584709540681,0.9949051042626962,0.9888015939651934
1.31365665666,0.9958708883549279,0.9949203250780781,0.9888342486718049
1.31565765766,0.9958832502869269,0.9949354782360433,0.9888667630533561
1.31765865866,0.995895557078142,0.9949505641342163,0.9888991378981287
1.31965965966,0.9959078090542416,0.9949655831673268,0.9889313739889948
1.32166066066,0.9959200065385077,0.9949805357272341,0.9889634721034596
1.32366166166,0.9959321498518555,0.9949954222029522,0.9889954330137051
1.32566266266,0.9959442393128553,0.9950102429806743,0.9890272574866319
1.32766366366,0.9959562752377521,0.995024998443797,0.9890589462839019
1.32966466466,0.9959682579404859,0.9950396889729446,0.9890905001619799
1.33166566567,0.9959801877327121,0.9950543149459927,0.9891219198721748
1.33366666667,0.9959920649238208,0.9950688767380921,0.9891532061606811
1.33566766767,0.9960038898209567,0.9950833747216916,0.9891843597686194
1.33766866867,0.9960156627290386,0.9950978092665618,0.9892153814320763
1.33966966967,0.9960273839507783,0.9951121807398177,0.9892462718821451
1.34167067067,0.9960390537866999,0.9951264895059412,0.9892770318449646
1.34367167167,0.9960506725351584,0.9951407359268039,0.9893076620417591
1.34567267267,0.9960622404923589,0.995154920361689,0.9893381631888767
1.34767367367,0.9960737579523741,0.9951690431673136,0.989368535997828
1.34967467467,0.9960852252071632,0.9951831046978504,0.9893987811753246
1.35167567568,0.9960966425465906,0.9951971053049493,0.9894288994233167
1.35367667668,0.9961080102584421,0.9952110453377586,0.9894588914390302
1.35567767768,0.9961193286284444,0.9952249251429462,0.9894887579150048
1.35767867868,0.9961305979402819,0.995238745064721,0.9895184995391301
1.35967967968,0.9961418184756138,0.995252505444853,0.9895481169946826
1.36168068068,0.9961529905140918,0.9952662066226943,0.9895776109603615
1.36368168168,0.996164114333377,0.995279848935199,0.9896069821103248
1.36568268268,0.996175190209157,0.9952934327169443,0.9896362311142249
1.36768368368,0.9961862184151621,0.9953069583001491,0.989665358637244
1.36968468468,0.9961971992231824,0.9953204260146948,0.9896943653401284
1.37168568569,0.9962081329030836,0.9953338361881447,0.9897232518792238
1.37368668669,0.996219019722824,0.9953471891457629,0.9897520189065094
1.37568768769,0.9962298599484698,0.995360485210534,0.9897806670696319
1.37768868869,0.9962406538442117,0.9953737247031819,0.989809197011939
1.37968968969,0.9962514016723799,0.9953869079421883,0.9898376093725133
1.38169069069,0.9962621036934606,0.9954000352438124,0.9898659047862051
1.38369169169,0.9962727601661105,0.9954131069221079,0.9898940838836651
1.38569269269,0.9962833713471732,0.9954261232889428,0.9899221472913774
1.38769369369,0.996293937491693,0.9954390846540161,0.9899500956316916
1.38969469469,0.9963044588529314,0.9954519913248766,0.9899779295228541
1.3916956957,0.9963149356823806,0.9954648436069405,0.9900056495790414
1.3936966967,0.9963253682297792,0.9954776418035093,0.9900332564103893
1.3956976977,0.9963357567431264,0.9954903862157861,0.9900607506230263
1.3976986987,0.9963461014686963,0.9955030771428944,0.990088132819103
1.3996996997,0.9963564026510524,0.995515714881894,0.990115403596823
1.4017007007,0.996366660533062,0.9955282997277987,0.9901425635504737
1.4037017017,0.9963768753559097,0.9955408319735923,0.9901696132704558
1.4057027027,0.9963870473591114,0.9955533119102463,0.9901965533433135
1.4077037037,0.9963971767805285,0.9955657398267354,0.9902233843517638
1.4097047047,0.9964072638563812,0.995578116010054,0.990250106874726
1.41170570571,0.9964173088212618,0.9955904407452326,0.9902767214873508
1.41370670671,0.9964273119081486,0.995602714315354,0.9903032287610487
1.41570770771,0.9964372733484186,0.9956149370015684,0.9903296292635188
1.41770870871,0.9964471933718609,0.9956271090831098,0.9903559235587772
1.41970970971,0.9964570722066899,0.9956392308373112,0.9903821122071849
1.42171071071,0.9964669100795576,0.9956513025396201,0.9904081957654755
1.42371171171,0.9964767072155667,0.9956633244636137,0.990434174786783
1.42571271271,0.9964864638382835,0.9956752968810141,0.9904600498206692
1.42771371371,0.9964961801697498,0.9956872200617034,0.9904858214131501
1.42971471471,0.9965058564304958,0.995699094273738,0.9905114901067238
1.43171571572,0.9965154928395519,0.9957109197833641,0.9905370564403964
1.43371671672,0.9965250896144613,0.9957226968550317,0.9905625209497083
1.43571771772,0.9965346469712919,0.9957344257514089,0.9905878841667612
1.43771871872,0.9965441651246482,0.9957461067333969,0.9906131466202432
1.43971971972,0.9965536442876829,0.9957577400601433,0.9906383088354549
1.44172072072,0.996563084672109,0.9957693259890568,0.9906633713343347
1.44372172172,0.9965724864882113,0.9957808647758206,0.9906883346354843
1.44572272272,0.9965818499448575,0.9957923566744069,0.9907131992541938
1.44772372372,0.9965911752495104,0.9958038019370894,0.9907379657024664
1.44972472472,0.9966004626082381,0.9958152008144578,0.9907626344890429
1.45172572573,0.9966097122257261,0.995826553555431,0.9907872061194266
1.45372672673,0.9966189243052879,0.9958378604072701,0.9908116810959071
1.45572772773,0.9966280990488761,0.9958491216155914,0.9908360599175845
1.45772872873,0.9966372366570931,0.99586033742438,0.990860343080393
1.45972972973,0.9966463373292023,0.9958715080760022,0.9908845310771248
1.46173073073,0.9966554012631382,0.9958826338112189,0.9909086243974536
1.46373173173,0.9966644286555174,0.9958937148691973,0.9909326235279575
1.46573273273,0.9966734197016487,0.9959047514875246,0.9909565289521418
1.46773373373,0.9966823745955439,0.9959157439022192,0.9909803411504625
1.46973473473,0.9966912935299277,0.9959266923477441,0.9910040606003485
1.47173573574,0.9967001766962481,0.9959375970570189,0.991027687776224
1.47373673674,0.9967090242846863,0.9959484582614313,0.991051223149531
1.47573773774,0.996717836484167,0.9959592761908496,0.991074667188751
1.47773873874,0.996726613482368,0.9959700510736345,0.9910980203594274
1.47973973974,0.9967353554657301,0.995980783136651,0.9911212831241866
1.48174074074,0.996744062619467,0.9959914726052798,0.9911444559427599
1.48374174174,0.9967527351275747,0.9960021197034289,0.9911675392720046
1.48574274274,0.996761373172841,0.9960127246535455,0.9911905335659255
1.48774374374,0.9967699769368555,0.9960232876766268,0.9912134392756953
1.48974474474,0.9967785466000182,0.9960338089922315,0.9912362568496759
1.49174574575,0.9967870823415492,0.9960442888184908,0.9912589867334389
1.49374674675,0.9967955843394983,0.99605472737212,0.9912816293697858
1.49574774775,0.9968040527707531,0.9960651248684285,0.9913041851987686
1.49774874875,0.996812487811049,0.9960754815213316,0.9913266546577097
1.49974974975,0.9968208896349778,0.9960857975433608,0.991349038181222
1.50175075075,0.9968292584159965,0.9960960731456744,0.9913713362012284
1.50375175175,0.996837594326436,0.9961063085380684,0.9913935491469817
1.50575275275,0.9968458975375104,0.9961165039289865,0.9914156774450841
1.50775375375,0.9968541682193249,0.9961266595255311,0.9914377215195058
1.50975475475,0.9968624065408849,0.996136775533473,0.9914596817916054
1.51175575576,0.9968706126701041,0.9961468521572618,0.9914815586801473
1.51375675676,0.9968787867738133,0.9961568896000362,0.9915033526013218
1.51575775776,0.9968869290177683,0.996166888063634,0.9915250639687633
1.51775875876,0.9968950395666586,0.9961768477486015,0.9915466931935685
1.51975975976,0.9969031185841154,0.9961867688542042,0.9915682406843151
1.52176076076,0.9969111662327195,0.9961966515784356,0.9915897068470801
1.52376176176,0.9969191826740097,0.9962064961180279,0.9916110920854573
1.52576276276,0.9969271680684906,0.9962163026684606,0.9916323968005758
1.52776376376,0.9969351225756404,0.9962260714239709,0.9916536213911173
1.52976476476,0.9969430463539191,0.9962358025775622,0.9916747662533341
1.53176576577,0.9969509395607755,0.996245496321014,0.9916958317810662
1.53376676677,0.996958802352656,0.9962551528448914,0.9917168183657588
1.53576776777,0.9969666348850112,0.9962647723385537,0.9917377263964793
1.53776876877,0.9969744373123042,0.9962743549901635,0.9917585562599347
1.53976976977,0.9969822097880173,0.9962839009866963,0.991779308340488
1.54177077077,0.9969899524646605,0.9962934105139487,0.9917999830201756
1.54377177177,0.9969976654937778,0.996302883756548,0.9918205806787229
1.54577277277,0.997005349025955,0.9963123208979601,0.9918411016935621
1.54777377377,0.9970130032108271,0.9963217221204992,0.9918615464398473
1.54977477477,0.997020628197085,0.9963310876053356,0.9918819152904714
1.55177577578,0.9970282241324832,0.9963404175325047,0.9919022086160824
1.55377677678,0.997035791163846,0.9963497120809152,0.9919224267850983
1.55577777778,0.9970433294370754,0.9963589714283577,0.9919425701637244
1.55777877878,0.9970508390971574,0.9963681957515131,0.9919626391159677
1.55977977978,0.9970583202881692,0.9963773852259608,0.9919826340036529
1.56178078078,0.9970657731532857,0.9963865400261863,0.9920025551864384
1.56378178178,0.9970731978347865,0.9963956603255905,0.9920224030218306
1.56578278278,0.9970805944740625,0.9964047462964967,0.9920421778652001
1.56778378378,0.9970879632116223,0.9964137981101591,0.9920618800697957
1.56978478478,0.9970953041870995,0.9964228159367705,0.9920815099867605
1.57178578579,0.997102617539258,0.9964317999454703,0.9921010679651457
1.57378678679,0.9971099034059997,0.9964407503043521,0.9921205543519263
1.57578778779,0.9971171619243702,0.9964496671804717,0.9921399694920144
1.57778878879,0.9971243932305651,0.9964585507398542,0.9921593137282751
1.57978978979,0.9971315974599367,0.9964674011475023,0.9921785874015399
1.58179079079,0.997138774747,0.9964762185674031,0.9921977908506211
1.58379179179,0.9971459252254388,0.9964850031625362,0.9922169244123262
1.58579279279,0.9971530490281119,0.9964937550948805,0.9922359884214716
1.58779379379,0.9971601462870594,0.996502474525422,0.992254983210897
1.58979479479,0.9971672171335085,0.9965111616141605,0.9922739091114784
1.5917957958,0.9971742616978794,0.9965198165201178,0.9922927664521424
1.5937967968,0.9971812801097912,0.9965284394013434,0.9923115555598795
1.5957977978,0.9971882724980683,0.996537030414923,0.9923302767597577
1.5977987988,0.9971952389907456,0.9965455897169846,0.992348930374936
1.5997997998,0.9972021797150743,0.9965541174627056,0.9923675167266772
1.6018008008,0.9972090947975283,0.9965626138063203,0.9923860361343612
1.6038018018,0.9972159843638089,0.9965710789011258,0.9924044889154984
1.6058028028,0.9972228485388512,0.9965795128994898,0.992422875385742
1.6078038038,0.9972296874468295,0.996587915952856,0.9924411958589018
1.6098048048,0.9972365012111626,0.9965962882117525,0.9924594506469556
1.61180580581,0.9972432899545192,0.9966046298257968,0.9924776400600629
1.61380680681,0.997250053798824,0.9966129409437032,0.9924957644065773
1.61580780781,0.9972567928652624,0.9966212217132895,0.9925138239930582
1.61780880881,0.9972635072742861,0.9966294722814827,0.992531819124284
1.61980980981,0.9972701971456186,0.996637692794326,0.9925497501032639
1.62181081081,0.99727686259826,0.9966458833969847,0.9925676172312501
1.62381181181,0.9972835037504928,0.9966540442337531,0.9925854208077498
1.62581281281,0.9972901207198864,0.9966621754480601,0.9926031611305374
1.62781381381,0.997296713623303,0.9966702771824758,0.9926208384956658
1.62981481481,0.9973032825769018,0.9966783495787173,0.992638453197479
1.63181581582,0.997309827696145,0.9966863927776553,0.992656005528623
1.63381681682,0.9973163490958018,0.9966944069193194,0.9926734957800577
1.63581781782,0.9973228468899543,0.996702392142905,0.9926909242410683
1.63781881882,0.997329321192002,0.9967103485867783,0.992708291199277
1.63981981982,0.9973357721146663,0.9967182763884828,0.9927255969406537
1.64182082082,0.9973421997699958,0.996726175684745,0.992742841749528
1.64382182182,0.9973486042693716,0.99673404661148,0.9927600259085996
1.64582282282,0.9973549857235104,0.9967418893037976,0.9927771496989499
1.64782382382,0.9973613442424712,0.9967497038960076,0.9927942134000527
1.64982482482,0.9973676799356588,0.9967574905216257,0.9928112172897848
1.65182582583,0.9973739929118284,0.9967652493133791,0.9928281616444375
1.65382682683,0.9973802832790908,0.9967729804032118,0.9928450467387266
1.65582782783,0.9973865511449166,0.9967806839222907,0.9928618728458037
1.65782882883,0.9973927966161407,0.9967883600010102,0.992878640237266
1.65982982983,0.997399019798967,0.9967960087689983,0.9928953491831672
1.66183083083,0.9974052207989725,0.9968036303551219,0.9929119999520281
1.66383183183,0.9974113997211126,0.9968112248874919,0.9929285928108461
1.66583283283,0.9974175566697239,0.9968187924934683,0.9929451280251065
1.66783383383,0.9974236917485301,0.9968263332996662,0.9929616058587917
1.66983483483,0.9974298050606455,0.9968338474319605,0.9929780265743916
1.67183583584,0.9974358967085795,0.9968413350154907,0.9929943904329139
1.67383683684,0.9974419667942407,0.9968487961746668,0.9930106976938937
1.67583783784,0.9974480154189413,0.9968562310331739,0.9930269486154031
1.67783883884,0.9974540426834012,0.9968636397139774,0.9930431434540614
1.67983983984,0.997460048687752,0.9968710223393278,0.9930592824650448
1.68184084084,0.9974660335315411,0.996878379030766,0.9930753659020953
1.68384184184,0.9974719973137361,0.9968857099091278,0.9930913940175313
1.68584284284,0.9974779401327287,0.9968930150945492,0.9931073670622562
1.68784384384,0.9974838620863382,0.9969002947064709,0.9931232852857682
1.68984484484,0.9974897632718164,0.9969075488636433,0.9931391489361696
1.69184584585,0.9974956437858505,0.9969147776841312,0.9931549582601756
1.69384684685,0.997501503724568,0.9969219812853185,0.9931707135031245
1.69584784785,0.99750734318354,0.9969291597839129,0.9931864149089856
1.69784884885,0.9975131622577849,0.9969363132959507,0.9932020627203689
1.69984984985,0.9975189610417726,0.996943441936801,0.9932176571785343
1.70185085085,0.9975247396294284,0.9969505458211707,0.9932331985233996
1.70385185185,0.9975304981141363,0.9969576250631089,0.9932486869935506
1.70585285285,0.9975362365887429,0.9969646797760114,0.9932641228262485
1.70785385385,0.9975419551455613,0.9969717100726251,0.9932795062574397
1.70985485485,0.9975476538763743,0.9969787160650524,0.9932948375217637
1.71185585586,0.9975533328724389,0.9969856978647559,0.9933101168525624
1.71385685686,0.9975589922244885,0.9969926555825623,0.9933253444818878
1.71585785786,0.9975646320227379,0.9969995893286672,0.993340520640511
1.71785885886,0.9975702523568863,0.9970064992126388,0.9933556455579303
1.71985985986,0.9975758533161205,0.9970133853434231,0.9933707194623796
1.72186086086,0.9975814349891189,0.9970202478293468,0.993385742580837
1.72386186186,0.9975869974640544,0.997027086778123,0.993400715139032
1.72586286286,0.9975925408285985,0.997033902296854,0.9934156373614552
1.72786386386,0.9975980651699244,0.9970406944920361,0.9934305094713646
1.72986486486,0.9976035705747102,0.9970474634695641,0.9934453316907949
1.73186586587,0.9976090571291424,0.9970542093347343,0.993460104240565
1.73386686687,0.9976145249189196,0.9970609321922496,0.9934748273402857
1.73586786787,0.997619974029255,0.9970676321462223,0.9934895012083681
1.73786886887,0.9976254045448805,0.9970743093001795,0.9935041260620305
1.73986986987,0.9976308165500493,0.997080963757066,0.9935187021173072
1.74187087087,0.9976362101285399,0.9970875956192485,0.993533229589055
1.74387187187,0.9976415853636582,0.9970942049885195,0.9935477086909618
1.74587287287,0.9976469423382418,0.9971007919661012,0.9935621396355535
1.74787387387,0.9976522811346624,0.9971073566526492,0.9935765226342018
1.74987487487,0.9976576018348293,0.9971138991482562,0.9935908578971315
1.75187587588,0.9976629045201925,0.9971204195524562,0.9936051456334279
1.75387687688,0.9976681892717453,0.9971269179642278,0.9936193860510443
1.75587787788,0.9976734561700279,0.9971333944819977,0.9936335793568087
1.75787887888,0.9976787052951304,0.9971398492036451,0.9936477257564318
1.75987987988,0.9976839367266955,0.9971462822265048,0.9936618254545136
1.76188088088,0.9976891505439217,0.9971526936473708,0.9936758786545508
1.76388188188,0.9976943468255662,0.9971590835625003,0.9936898855589436
1.76588288288,0.9976995256499478,0.9971654520676166,0.9937038463690028
1.76788388388,0.9977046870949499,0.9971717992579135,0.993717761284957
1.76988488488,0.9977098312380233,0.9971781252280579,0.9937316305059594
1.77188588589,0.997714958156189,0.9971844300721939,0.993745454230094
1.77388688689,0.9977200679260417,0.997190713883946,0.9937592326543834
1.77588788789,0.9977251606237515,0.9971969767564224,0.993772965974795
1.77788888889,0.9977302363250674,0.997203218782219,0.9937866543862479
1.77988988989,0.9977352951053203,0.9972094400534218,0.9938002980826193
1.78189089089,0.9977403370394253,0.9972156406616112,0.9938138972567511
1.78389189189,0.9977453622018844,0.9972218206978647,0.9938274521004569
1.78589289289,0.9977503706667894,0.9972279802527605,0.993840962804528
1.78789389389,0.997755362507825,0.9972341194163805,0.9938544295587405
1.78989489489,0.9977603377982708,0.997240238278314,0.9938678525518606
1.7918958959,0.9977652966110042,0.9972463369276602,0.9938812319716522
1.7938968969,0.9977702390185031,0.9972524154530322,0.9938945680048826
1.7958978979,0.9977751650928488,0.9972584739425598,0.9939078608373285
1.7978988989,0.9977800749057277,0.9972645124838924,0.993921110653783
1.7998998999,0.997784968528435,0.9972705311642025,0.9939343176380611
1.8019009009,0.9977898460318766,0.9972765300701887,0.9939474819730062
1.8039019019,0.9977947074865716,0.9972825092880786,0.9939606038404961
1.8059029029,0.9977995529626551,0.9972884689036323,0.993973683421449
1.8079039039,0.9978043825298807,0.9972944090021449,0.9939867208958295
1.8099049049,0.9978091962576227,0.9973003296684498,0.9939997164426548
1.81190590591,0.9978139942148787,0.9973062309869215,0.9940126702400003
1.81390690691,0.9978187764702723,0.9973121130414789,0.9940255824650056
1.81590790791,0.997823543092055,0.997317975915588,0.9940384532938804
1.81790890891,0.9978282941481094,0.9973238196922647,0.9940512829019101
1.81990990991,0.9978330297059506,0.9973296444540778,0.994064071463462
1.82191091091,0.9978377498327291,0.9973354502831523,0.9940768191519904
1.82391191191,0.9978424545952336,0.9973412372611714,0.9940895261400428
1.82591291291,0.9978471440598923,0.9973470054693803,0.994102192599265
1.82791391391,0.9978518182927761,0.9973527549885879,0.9941148187004074
1.82991491491,0.9978564773596006,0.9973584858991708,0.9941274046133298
1.83191591592,0.9978611213257282,0.9973641982810751,0.9941399505070074
1.83391691692,0.9978657502561706,0.9973698922138198,0.9941524565495362
1.83591791792,0.9978703642155909,0.9973755677764989,0.9941649229081381
1.83791891892,0.9978749632683063,0.9973812250477849,0.9941773497491667
1.83991991992,0.9978795474782892,0.9973868641059307,0.9941897372381125
1.84192092092,0.9978841169091709,0.9973924850287728,0.9942020855396084
1.84392192192,0.9978886716242424,0.9973980878937335,0.9942143948174343
1.84592292292,0.9978932116864578,0.9974036727778244,0.9942266652345234
1.84792392392,0.9978977371584353,0.9974092397576478,0.9942388969529664
1.84992492492,0.9979022481024602,0.9974147889094002,0.9942510901340174
1.85192592593,0.9979067445804863,0.9974203203088743,0.9942632449380985
1.85392692693,0.9979112266541389,0.9974258340314622,0.9942753615248052
1.85592792793,0.9979156943847161,0.9974313301521575,0.9942874400529116
1.85792892893,0.997920147833191,0.9974368087455574,0.9942994806803749
1.85992992993,0.9979245870602144,0.9974422698858664,0.9943114835643408
1.86193093093,0.9979290121261158,0.9974477136468973,0.9943234488611485
1.86393193193,0.9979334230909065,0.997453140102075,0.9943353767263353
1.86593293293,0.9979378200142806,0.9974585493244381,0.9943472673146416
1.86793393393,0.9979422029556179,0.9974639413866416,0.9943591207800161
1.86993493493,0.9979465719739852,0.9974693163609591,0.9943709372756198
1.87193593594,0.9979509271281387,0.9974746743192859,0.9943827169538318
1.87393693694,0.9979552684765258,0.9974800153331402,0.9943944599662533
1.87593793794,0.9979595960772871,0.9974853394736666,0.9944061664637125
1.87793893894,0.997963909988258,0.9974906468116376,0.9944178365962695
1.87993993994,0.9979682102669711,0.9974959374174565,0.9944294705132206
1.88194094094,0.9979724969706579,0.9975012113611592,0.9944410683631032
1.88394194194,0.9979767701562505,0.997506468712417,0.9944526302937002
1.88594294294,0.9979810298803838,0.9975117095405385,0.9944641564520449
1.88794394394,0.9979852761993971,0.997516933914472,0.9944756469844248
1.88994494494,0.9979895091693362,0.9975221419028077,0.994487102036387
1.89194594595,0.9979937288459545,0.9975273335737801,0.9944985217527418
1.89394694695,0.9979979352847161,0.9975325089952696,0.9945099062775677
1.89594794795,0.9980021285407965,0.9975376682348055,0.9945212557542158
1.89794894895,0.9980063086690849,0.9975428113595678,0.9945325703253136
1.89994994995,0.9980104757241857,0.9975479384363892,0.99454385013277
1.90195095095,0.9980146297604205,0.9975530495317575,0.9945550953177793
1.90395195195,0.99801877083183,0.9975581447118176,0.9945663060208253
1.90595295295,0.998022898992175,0.9975632240423736,0.994577482381686
1.90795395395,0.9980270142949391,0.9975682875888912,0.9945886245394373
1.90995495495,0.9980311167933297,0.997573335416499,0.9945997326324577
1.91195595596,0.9980352065402801,0.9975783675899916,0.9946108067984322
1.91395695696,0.998039283588451,0.997583384173831,0.9946218471743561
1.91595795796,0.9980433479902319,0.9975883852321485,0.9946328538965398
1.91795895896,0.9980473997977437,0.9975933708287477,0.9946438271006123
1.91995995996,0.9980514390628392,0.9975983410271049,0.9946547669215257
1.92196096096,0.9980554658371057,0.9976032958903727,0.9946656734935586
1.92396196196,0.9980594801718659,0.997608235481381,0.9946765469503208
1.92596296296,0.9980634821181799,0.9976131598626393,0.9946873874247568
1.92796396396,0.9980674717268467,0.9976180690963388,0.9946981950491498
1.92996496496,0.9980714490484062,0.9976229632443538,0.9947089699551258
1.93196596597,0.9980754141331399,0.9976278423682443,0.9947197122736573
1.93396696697,0.9980793670310733,0.9976327065292573,0.994730422135067
1.93596796797,0.9980833077919771,0.9976375557883292,0.9947410996690323
1.93796896897,0.9980872364653687,0.9976423902060875,0.9947517450045883
1.93996996997,0.998091153100514,0.9976472098428524,0.9947623582701319
1.94197097097,0.9980950577464287,0.9976520147586391,0.9947729395934257
1.94397197197,0.9980989504518799,0.9976568050131593,0.9947834891016016
1.94597297297,0.9981028312653876,0.9976615806658234,0.9947940069211645
1.94797397397,0.9981067002352263,0.9976663417757421,0.9948044931779959
1.94997497497,0.9981105574094261,0.9976710884017277,0.9948149479973577
1.95197597598,0.9981144028357748,0.997675820602297,0.9948253715038956
1.95397697698,0.9981182365618189,0.9976805384356722,0.9948357638216432
1.95597797798,0.9981220586348651,0.9976852419597829,0.9948461250740248
1.95797897898,0.9981258691019819,0.9976899312322681,0.9948564553838597
1.95997997998,0.998129668010001,0.9976946063104777,0.9948667548733652
1.96198098098,0.9981334554055186,0.9976992672514741,0.9948770236641605
1.96398198198,0.9981372313348968,0.9977039141120342,0.9948872618772701
1.96598298298,0.9981409958442656,0.9977085469486512,0.9948974696331268
1.96798398398,0.9981447489795233,0.9977131658175359,0.9949076470515756
1.96998498498,0.9981484907863385,0.9977177707746185,0.9949177942518773
1.97198598599,0.9981522213101514,0.9977223618755506,0.9949279113527114
1.97398698699,0.9981559405961752,0.9977269391757067,0.9949379984721796
1.97598798799,0.9981596486893974,0.9977315027301852,0.9949480557278093
1.97798898899,0.998163345634581,0.9977360525938114,0.9949580832365568
1.97998998999,0.9981670314762661,0.9977405888211377,0.9949680811148107
1.98199099099,0.998170706258771,0.9977451114664462,0.994978049478395
1.98399199199,0.9981743700261937,0.9977496205837498,0.9949879884425725
1.98599299299,0.9981780228224132,0.9977541162267942,0.9949978981220482
1.98799399399,0.9981816646910905,0.997758598449059,0.995007778630972
1.98999499499,0.9981852956756703,0.9977630673037595,0.9950176300829423
1.991995996,0.9981889158193822,0.9977675228438484,0.9950274525910093
1.993996997,0.9981925251652417,0.9977719651220172,0.9950372462676776
1.995997998,0.9981961237560518,0.9977763941906975,0.9950470112249099
1.997998999,0.998199711634404,0.9977808101020633,0.9950567475741297
2.0,0.9982032888426796,0.9977852129080317,0.9950664554262245
