L,E = 0.01GeV,E = 0.02GeV,E = 0.05GeV
0.001,0.9999999977674044,0.9999999994418511,0.9999999999106962
0.301299299299,0.9997974693382767,0.9999493397382022,0.9999918931214502
0.601598598599,0.999194314510982,0.9997981404851246,0.9999676828269869
0.901897897898,0.9981957525717887,0.9995467289532501,0.9999273774130822
1.2021971972,0.9968104243876551,0.9991956493225884,0.9998709908404162
1.5024964965,0.9950503176341198,0.998745661504649,0.9997985426397373
1.8027957958,0.9929306630622182,0.9981977394976141,0.9997100579050975
2.1030950951,0.9904698027020576,0.99755306927812,0.99960556728516
2.40339439439,0.9876890311435278,0.9968130462342124,0.9994851069725842
2.70369369369,0.9846124112675926,0.9959792721450301,0.9993487186914888
3.00399299299,0.9812665660226991,0.9950535517137555,0.9991964496830001
3.30429229229,0.9776804480481265,0.9940378886613368,0.9990283526888891
3.60459159159,0.9738850891377955,0.9929344813894356,0.9988444859333027
3.90489089089,0.9699133317125063,0.9917457182219889,0.998644913102597
4.20519019019,0.9657995446242594,0.9904741722356841,0.9984297033232777
4.50548948949,0.9615793257518926,0.9891225956905375,0.9981989311380571
4.80578878879,0.957289193961566,0.9876939140726301,0.9979526764800339
5.10608808809,0.9529662730976576,0.9861912197618954,0.9976910246450071
5.40638738739,0.948647970738595,0.9846177653386669,0.997414066261932
5.70668668669,0.9443716544974473,0.9829769565434705,0.9971218972615278
6.00698598599,0.9401743286683499,0.9812723449053035,0.9968146188430514
6.30728528529,0.9360923140168409,0.9795076200543523,0.9964923374392437
6.60758458458,0.9321609334849832,0.9776866017357929,0.9961551646794646
6.90788388388,0.9284142065309636,0.9758132315419552,0.9958032173510274
7.20818318318,0.9248845547481426,0.9738915643807511,0.9954366173587476
7.50848248248,0.9216025213109256,0.9719257596988298,0.9950554916827173
7.80878178178,0.918596506675178,0.9699200724784603,0.9946599723343241
8.10908108108,0.9158925228202492,0.967878844027626,0.9942501963105252
8.40938038038,0.9135139681592273,0.9658064925832681,0.9938263055463956
8.70967967968,0.9114814250651944,0.9637075037480164,0.9933884468659656
9.00997897898,0.9098124817655531,0.9615864207811063,0.9929367719313655
9.31027827828,0.9085215801456252,0.9594478347644994,0.9924714371902934
9.61057757758,0.9076198907785281,0.9572963746654906,0.9919926038218266
9.91087687688,0.9071152162627313,0.9551366973173135,0.9915004376805934
10.2111761762,0.907011923703746,0.9529734773394293,0.9909951092393252
10.5114754755,0.9073109069242037,0.9508113970193175,0.9904767935298106
10.8117747748,0.9080095787293301,0.9486551361776696,0.9899456700822677
11.1120740741,0.9091018932947469,0.946509362038922,0.9894019228631614
11.4123733734,0.9105783984828693,0.9443787191290526,0.9888457402114814
11.7126726727,0.9124263176351921,0.94226781922251,0.9882773147735069
12.012971972,0.9146296601326882,0.9401812313600317,0.9876968434360799
12.3132712713,0.9171693597676079,0.9381234719589602,0.9871045272584084
12.6135705706,0.9200234397293023,0.9360989950374617,0.9865005714024251
12.9138698699,0.9231672027764001,0.9341121825738093,0.9858851850617257
13.2141691692,0.9265734449497159,0.9321673350215943,0.9852585813891089
13.5144684685,0.9302126909765692,0.9302686620013992,0.9846209774227472
13.8147677678,0.9340534493294828,0.928420273189078,0.9839725940110102
14.1150670671,0.9380624847321629,0.9266261694203676,0.9833136557359693
14.4153663664,0.9422051057546793,0.9248902340310814,0.9826443908356081
14.7156656657,0.9464454650091955,0.9232162244516343,0.9819650311247676
15.015964965,0.9507468693485619,0.9216077640740875,0.9812758119148521
15.3162642643,0.9550720973835284,0.9200683344093203,0.9805769719323233
15.6165635636,0.9593837215709987,0.9186012675513032,0.9798687532360122
15.9168628629,0.9636444320861994,0.9172097389647837,0.9791514011332768
16.2171621622,0.9678173596761943,0.9158967606119962,0.9784251640950344
16.5174614615,0.9718663947009945,0.9146651744332729,0.9776902936696982
16.8177607608,0.9757564996015017,0.9135176461956663,0.9769470443960474
17.1180600601,0.9794540120904022,0.9124566597228996,0.9761956737150627
17.4183593594,0.9829269364424047,0.9114845115191325,0.9754364418807554
17.7186586587,0.986145220363202,0.9106033057981802,0.974669611870023
18.018957958,0.9890810150413168,0.9098149499289446,0.9738954492915608
18.3192572573,0.9917089161325278,0.9091211503069168,0.9731142222938628
18.6195565566,0.994006183591559,0.9085234086606849,0.9723262014723423
18.9198558559,0.9959529384487628,0.9080230188014449,0.9715316597756051
19.2201551552,0.9975323348290254,0.9076210638225466,0.9707308724109077
19.5204544545,0.9987307057243625,0.9073184137551401,0.9699241167488334
19.8207537538,0.9995376812587888,0.9071157236849938,0.9691116722272182
20.1210530531,0.9999462784220796,0.907013432334562,0.9682938202543618
20.4213523524,0.9999529614959297,0.9070117611133701,0.9674708441115556
20.7216516517,0.9995576726496228,0.907110713638775,0.9666430288549611
21.021950951,0.9987638324404594,0.9073100757281344,0.9658106612168754
21.3222502503,0.9975783102146102,0.907609415862405,0.9649740295064145
21.6225495495,0.9960113646645281,0.9080080861201655,0.9641334235096508
21.9228488488,0.9940765550572926,0.9085052235800415,0.9632891343892397
22.2231481481,0.9917906239020549,0.9090997521884981,0.9624414545835688
22.5234474474,0.9891733520719012,0.9097903850889567,0.961590677705465
22.8237467467,0.986247387633806,0.9105756274071946,0.9607370984404956
23.124046046,0.9830380498678676,0.9114537794869988,0.959881012444897
23.4243453453,0.979573110171703,0.9124229405690707,0.9590227162431679
23.7246446446,0.9758825517459101,0.913481012905217,0.958162507125361
24.0249439439,0.9719983101401094,0.9146257062989236,0.9573006830441105
24.3252432432,0.9679539969047027,0.9158545430624845,0.956437542511429
24.6255425425,0.9637846087396765,0.9171648633799531,0.9555733844953114
24.9258418418,0.9595262246572746,0.9185538310643122,0.9547085083161809
25.2261411411,0.9552156937790865,0.9200184396963976,0.9538432135432127
25.5264404404,0.9508903164691411,0.9215555191322894,0.9529777998905705
25.8267397397,0.9465875215622572,0.923161742365085,0.9521125671135957
26.127039039,0.9423445424806981,0.9248336327262028,0.9512478149049786
26.4273383383,0.9381980950417913,0.9265675714106275,0.9503838427909541
26.7276376376,0.9341840597445441,0.9283598053098101,0.9495209500275541
27.0279369369,0.9303371712845293,0.9302064551352676,0.9486594354969532
27.3282362362,0.9266907179837635,0.9321035238152985,0.9477995976039443
27.6285355355,0.9232762537365058,0.9340469051466416,0.9469417341725794
27.9288348348,0.9201233249635996,0.936032392682348,0.9460861423430117
28.2291341341,0.9172592149381056,0.9380556888366313,0.9452331184685743
28.5294334334,0.9147087076946558,0.9401124141869884,0.9443829580131318
28.8297327327,0.9124938735654965,0.9421981169534545,0.9435359554487396
29.130032032,0.9106338781990394,0.9443082826344764,0.9426924041536472
29.4303313313,0.9091448167135475,0.9464383437785474,0.9418525963106797
29.7306306306,0.9080395744210715,0.9485836898704503,0.9410168228060343
30.0309299299,0.9073277153268382,0.9507396773107137,0.9401853731285246
30.3312292292,0.9070153993689392,0.9529016394666788,0.9393585352693103
30.6315285285,0.9071053291144714,0.9550648967734201,0.9385365956221453
30.9318278278,0.9075967263733835,0.9572247668626597,0.9377198388841776
31.2321271271,0.9084853389323965,0.9593765746977485,0.9369085479573397
31.5324264264,0.9097634773507272,0.9615156626927789,0.9361030038503576
31.8327257257,0.9114200814992106,0.9636374007939238,0.9353034855814186
32.133025025,0.9134408162670367,0.9657371965011845,0.934510270081526
32.4333243243,0.915808195607921,0.9678105048088516,0.9337236320985786
32.7336236236,0.9185017338523016,0.9698528380431658,0.9329438441022051
33.0339229229,0.9214981229762065,0.9718597755758833,0.9321711761893887
33.3342222222,0.9247714342928334,0.9738269733927207,0.9314058959909124
33.6345215215,0.9282933428215383,0.97575017349597,0.9306482685786596
33.9348208208,0.9320333723927016,0.9776252131209304,0.9298985563738003
34.2351201201,0.935959159367499,0.979448033746208,0.9291570190558954
34.5354194194,0.9400367326905321,0.9812146898783817,0.9284239134729517
34.8357187187,0.9442308078519347,0.9829213575920195,0.9276994935524558
35.136018018,0.9485050922152067,0.9845643428065612,0.9269840102134218
35.4363173173,0.9528225990686838,0.9861400892821527,0.9262777112794787
35.7366166166,0.9571459676830544,0.9876451863171226,0.9255808413930319
36.0369159159,0.9614377866053668,0.9890763761304433,0.9248936419305258
36.3372152152,0.965660917391965,0.9904305609131947,0.9242163509188376
36.6375145145,0.9697788159789897,0.9917048095337683,0.9235492029528312
36.9378138138,0.9737558489095262,0.9928963638822986,0.9228924291141
37.2381131131,0.9775576016809862,0.9940026448405894,0.9222462568909271
37.5384124124,0.9811511765445012,0.9950212578646126,0.9216109100994894
37.8387117117,0.9845054771793718,0.9959499981674957,0.9209866088063333
38.139011011,0.9875914777792001,0.9967868554917818,0.9203735692521509
38.4393103103,0.9903824742212184,0.9975300184606289,0.919772003776879
38.7396096096,0.9928543151453663,0.998177878498534,0.9191821207461515
39.0399089089,0.9949856109435199,0.9987290333130926,0.9186041244791263
39.3402082082,0.9967579188504212,0.9991822899302596,0.9180382151777158
39.6405075075,0.9981559025346609,0.9995366672765402,0.9174845888572414
39.9408068068,0.9991674648087226,0.9997913983025227,0.9169434372785404
40.2411061061,0.9997838523097085,0.999945931643156,0.9164149478815444
40.5414054054,0.9999997312449095,0.9999999328111788,0.9158993037203559
40.8417047047,0.9998132335467729,0.9999532849211169,0.9153966833998427
41.142004004,0.9992259730378711,0.9998060889422817,0.9149072610137752
41.4423033033,0.9982430314659938,0.9995586634802222,0.9144312060845241
41.7426026026,0.9968729145302033,0.9992115440871038,0.9139686835043432
42.0429019019,0.9951274782783767,0.9987654821025056,0.913519853478255
42.3432012012,0.9930218265131363,0.9982214430271478,0.9130848714685602
42.6435005005,0.9905741800939495,0.9975806044330647,0.9126638881409896
42.9437997998,0.9878057192663654,0.9968443534147529,0.9122570493125184
43.2440990991,0.9847404003827654,0.9960142835868052,0.9118644959008582
43.5443983984,0.9814047486005961,0.9950921916345348,0.9114863638756476
43.8446976977,0.9778276283519338,0.9940800734250501,0.9111227842113566
44.144996997,0.974039993570579,0.9929801196872041,0.9107738828419194
44.4452962963,0.9700746198380427,0.9917947112697627,0.9104397806171153
44.7455955956,0.9659658207662466,0.9905264139880604,0.9101205932607095
45.0458948949,0.9617491510711711,0.9891779730702954,0.9098164313303694
45.3461941942,0.9574610989068415,0.9877523072154865,0.9095274001793707
45.6464934935,0.9531387701219858,0.986252502275951,0.9092535999201058
45.9467927928,0.9488195671715873,0.9846818045779812,0.9089951253894076
46.2470920921,0.9445408654618117,0.983043613895174,0.908752066115701
46.5473913914,0.9403396899289965,0.9813414760896252,0.9085245062879922
46.8476906907,0.936252394651363,0.9795790754369128,0.9083125247267083
47.14798999,0.932314348265874,0.977760226651488,0.908116194856396
47.4482892893,0.9285596279124203,0.9758888666297285,0.9079355846802895
47.7485885886,0.9250207243537334,0.9739690459285307,0.9077707567567556
48.0488878879,0.9217282608227121,0.9720049199978832,0.9076217681776259
48.3491871872,0.9187107280300666,0.9700007401863991,0.9074886705484213
48.6494864865,0.9159942376253395,0.9679608445392772,0.9073715099704773
48.9497857858,0.9136022962446829,0.9658896484086062,0.907270327024976
49.2500850851,0.9115556021006268,0.9637916348963405,0.9071851567588897
49.5503843844,0.9098718658740095,0.9616713451506298,0.9071160286728417
49.8506836837,0.9085656574579503,0.9595333685365095,0.9070629667108879
50.150982983,0.9076482798800324,0.9573823327022233,0.9070259892522238
50.4512822823,0.907127671493692,0.9552228935626842,0.9070051091048176
50.7515815816,0.9070083372851768,0.9530597252217511,0.9070003335009745
51.0518808809,0.9072913098904997,0.9508975098551354,0.9070116640948318
51.3521801802,0.9079741406597175,0.9487409275758365,0.9070390969617851
51.6524794795,0.9090509208458615,0.9465946463040422,0.9070826225998485
51.9527787788,0.9105123327351607,0.9444633116634197,0.9071422259329455
52.2530780781,0.9123457302761182,0.9423515369256679,0.9072178863161308
52.5533773774,0.9145352485097255,0.9402638930250955,0.9073095775427414
52.8536766767,0.9170619408538864,0.9382048986648385,0.9074172678534739
53.153975976,0.9199039430540841,0.9361790105361312,0.9075409199473846
53.4542752753,0.9230366623815726,0.934190613671803,0.9076804909948102
53.7545745746,0.9264329904419067,0.9322440119548789,0.9078359326522019
54.0548738739,0.9300635377523078,0.9303434188028293,0.9080071910788711
54.3551731732,0.9338968880579973,0.9284929480476318,0.9081942069556381
54.6554724725,0.9378998701868176,0.9266966050313862,0.9083969155053786
54.9557717718,0.9420378450896993,0.9249582779367553,0.9086152465154602
55.2560710711,0.9462750055831237,0.9232817293709976,0.908849124362063
55.5563703704,0.9505746861998157,0.9216705882218079,0.909098468036373
55.8566696697,0.9548996804664334,0.9201283418025927,0.9093631911726412
56.156968969,0.959212562862751,0.9186583283041849,0.9096432020780991
56.4572682683,0.9634760126763223,0.9172637295693321,0.9099384037647176
56.7575675676,0.9676531369502106,0.9159475642056019,0.9102486939828016
57.0578668669,0.9717077897292165,0.9147126810516081,0.9105739652564061
57.3581661662,0.9756048848420678,0.9135617530107032,0.910914104920563
57.6584654655,0.9793106995129693,0.9124972712654812,0.9112689951603055
57.9587647648,0.9827931661752684,0.9115215398856154,0.911638513051475
58.2590640641,0.9860221499620786,0.910636670840702,0.9120225306032999
58.5593633634,0.9889697094726554,0.9098445794289044,0.9124209148027267
58.8596626627,0.991610338558024,0.9091469801312915,0.9128335276604935
59.159961962,0.9939211870336172,0.9085453829008454,0.9132602262589244
59.4602612613,0.9958822584090282,0.9080410898941703,0.9137008628014328
59.7605605606,0.9974765829238595,0.9076351926529749,0.9141552846637141
60.0608598599,0.9986903643923365,0.9073285697414318,0.9146233344466101
60.3611591592,0.9995130995859925,0.9071218848445268,0.9151048500306285
60.6614584585,0.9999376691213715,0.9070155853315126,0.9155996646320957
60.9617577578,0.9999603990662657,0.9070099012875787,0.9161076068609267
61.2620570571,0.9995810927313942,0.9071048450158326,0.9166285007799897
61.5623563564,0.9988030323724162,0.9073002110106694,0.9171621659660456
61.8626556557,0.9976329507875522,0.9075955764025885,0.917708417572242
62.162954955,0.9960809730565874,0.9079903018734945,0.9182670663921387
62.4632542543,0.9941605289254082,0.9084835330405001,0.918837918925244
62.7635535536,0.9918882365942348,0.9090742023052376,0.9194207774440375
63.0638528529,0.9892837589151675,0.9097610311646737,0.9200154400624576
63.3641521522,0.9863696332434138,0.9105425329784289,0.9206217008058292
63.6644514515,0.983171076414545,0.9114170161866084,0.9212393496822077
63.9647507508,0.979715766535378,0.9123825879711827,0.9218681727551143
64.2650500501,0.9760336034767091,0.9134371583529889,0.922507952217638
64.5653493493,0.972156450140437,0.9145784447154901,0.9231584664678775
64.8656486486,0.9681178567399632,0.9158039767454955,0.9238194901856979
65.1659479479,0.963952770479764,0.9171111017801512,0.9244907944107758
65.4662472472,0.9596972331463629,0.9184969905486265,0.9251721466219044
65.7665465465,0.9553880692275453,0.9199586432960677,0.9258633108175327
66.0668458458,0.9510625672586156,0.9214928962765636,0.9265640475975099
66.3671451451,0.9467581571531054,0.9230964286010722,0.9272741142460065
66.6674444444,0.942512086310094,0.9247657694254799,0.9279932648155852
66.9677437437,0.9383610973008824,0.926497305463241,0.9287212502123895
67.268043043,0.9343411099240976,0.9282872888063328,0.9294578182824232
67.5683423423,0.9304869103805073,0.9301318450375988,0.9302027138988901
67.8686416416,0.9268318502572078,0.9320269816169202,0.9309556790505618
68.1689409409,0.9234075579259701,0.9339685965230656,0.9317164529311461
68.4692402402,0.920243664853104,0.9359524871325116,0.9324847720296239
68.7695395395,0.9173675491891671,0.9379743593160175,0.9332603702215209
69.0698388388,0.9148040988573141,0.940029836733263,0.9340429788610862
69.3701381381,0.9125754961903593,0.9421144703054336,0.9348323268743444
69.6704374374,0.9107010259801538,0.9442237478452462,0.9356281408529867
69.9707367367,0.909196908600284,0.9463531038235746,0.9364301451490736
70.271036036,0.9080761596461367,0.9484979292515321,0.9372380619705105
70.5713353353,0.9073484773069035,0.9506535816566241,0.9380516114772678
70.8716346346,0.9070201584441353,0.9528153951313749,0.9388705118783095
71.1719339339,0.9070940441030407,0.9549786904326796,0.9396944795291979
71.4722332332,0.9075694949280391,0.9571387851100208,0.9405232290303404
71.7725325325,0.9084423966953024,0.959291003640629,0.9413564733258434
72.0728318318,0.9097051959144137,0.9614306875496464,0.9421939238029412
72.3731311311,0.9113469651910684,0.9635532054933906,0.9430352903919631
72.6734304304,0.9133534977852151,0.9656539632838943,0.9438802816668056
72.9737297297,0.9157074305463949,0.9677284138330202,0.9447286049458743
73.274029029,0.9183883941624806,0.9697720669946284,0.945579966393461
73.5743283283,0.921373189421669,0.9717804992834934,0.9464340711215196
73.8746276276,0.9246359879624745,0.9737493634499342,0.9472906232918078
74.1749269269,0.9281485557745711,0.9756743978894304,0.948149326218357
74.4752262262,0.931880497516464,0.9775514358668622,0.9490098824702362
74.7755255255,0.935799519535831,0.979376414535404,0.9498719939745736
75.0758248248,0.9398717093165365,0.9811453837305522,0.9507353621198013
75.3761241241,0.9440618289341797,0.9828545145202519,0.9515996878590853
75.6764234234,0.9483336199808108,0.9845001074926177,0.9524646718139081
75.9767227227,0.9526501173202102,0.9860786007633061,0.9533300143777642
76.277022022,0.9569739689587047,0.9875865776852104,0.9541954158199359
76.5773213213,0.961267759263585,0.9890207742437908,0.9550605763893116
76.8776206206,0.9654943327322087,0.9903780861220299,0.9559251964182115
77.1779199199,0.9696171155101188,0.9916555754197242,0.9567889764261841
77.4782192192,0.9736004318759773,0.9928504770125658,0.9576516172237377
77.7785185185,0.9774098129546773,0.9939602045372518,0.9585128200159718
78.0788178178,0.9810122949872353,0.9949823559896641,0.9593722865060712
78.3791171171,0.9843767045764482,0.9959147189240058,0.9602297189986273
78.6794164164,0.9874739284399933,0.9967552752416378,0.9610848205027522
78.9797157157,0.9902771653367117,0.9975022055592506,0.9619372948349482
79.280015015,0.9927621579860829,0.9981538931469186,0.9627868467216967
79.5803143143,0.994907402974015,0.9987089274275098,0.9636331819017335
79.8806136136,0.9966943368285731,0.9991661070298786,0.9644760072279731
80.1809129129,0.9981074966554754,0.9995244423892328,0.9653150307690455
80.4812122122,0.9991346539433239,0.9997831578890451,0.9661499619104141
80.7815115115,0.999766920380717,0.999941693539875,0.9669805114550367
81.0818108108,0.9999988247695718,0.9999997061914647,0.9678063917235344
81.3821101101,0.9998283603691019,0.9999570702754879,0.9686273166538367
81.6824094094,0.9992570022607699,0.999813878077342,0.9694430019002651
81.9827087087,0.9982896945839479,0.9995704395363967,0.9702531649320224
82.283008008,0.9969348077527436,0.9992272815751307,0.9710575251310538
82.5833073073,0.995204066024203,0.998785146958608,0.9718558038892455
82.8836066066,0.9931124460446694,0.998244992686764,0.9726477247049259
83.1839059059,0.9906780472522051,0.9976079879229802,0.9734330132786394
83.4842052052,0.9879219352565265,0.9968755114634311,0.974211397608155
83.7845045045,0.9848679595517323,0.996049148752681,0.9749826080826811
84.0848038038,0.9815425471392154,0.9951306884519913,0.9757463775762509
84.3851031031,0.9779744738466032,0.9941221185677646,0.9765024415402473
84.6854024024,0.9741946153215725,0.9930256221485072,0.9772505380950357
84.9857017017,0.9702356798552697,0.9918435725596223,0.9779904081206714
85.286001001,0.9661319253472971,0.9905785283462634,0.9787217953466518
85.5863003003,0.9619188628614561,0.9892332276953658,0.9794444464406813
85.8865995996,0.9576329493374685,0.9878105825088432,0.9801581110964186
86.1868988989,0.9533112721177421,0.9863136721007799,0.9808625421201762
86.4871981982,0.9489912280190654,0.9847457365322578,0.981557495516541
86.7874974975,0.9447101997263214,0.9831101695982474,0.9822427305728877
87.0877967968,0.9405052323084929,0.9814105114817422,0.9829180099427552
87.3880960961,0.9364127126561617,0.9796504410910363,0.9835830997280568
87.6883953954,0.9324680546144294,0.977833768096731,0.9842377695600955
87.9886946947,0.9287053925359042,0.9759644246857063,0.984881792679358
88.288993994,0.9251572859055337,0.9740464570499067,0.985514946014058
88.5892932933,0.9218544375932581,0.9720840166283624,0.9861370102574011
88.8895925926,0.9188254281725287,0.9700813511214041,0.9867477699435478
89.1898918919,0.9160964686037194,0.9680427952965197,0.9873470135222445
89.4901911912,0.9136911734225364,0.965972761605754,0.9879345334320979
89.7904904905,0.9116303563960979,0.9638757306349615,0.9885101261724697
90.0907897898,0.9099318504149352,0.9617562414055818,0.9890735923739629
90.3910890891,0.9086103531794459,0.9596188815499337,0.9896247368674779
90.6913883884,0.907677300016122,0.9574682773812875,0.9901633687518139
90.9916876877,0.9071407649241143,0.9553090838802165,0.9906893014597916
91.291986987,0.9070053907084071,0.9531459746188954,0.9912023528228749
91.5922862863,0.907272348804183,0.9509836316451576,0.9917023451342695
91.8925855856,0.9079393291400294,0.9488267353482085,0.9921891052104744
92.1928848849,0.9090005601277064,0.9466799543279262,0.9926624644512697
92.4931841842,0.9104468586054923,0.9445479352896833,0.9931222588981131
92.7934834835,0.9122657093029394,0.9424352929865568,0.9935683292909324
93.0937827828,0.9144413731393991,0.9403466002306997,0.9940005211232874
93.3940820821,0.9169550234191822,0.9382863779954941,0.9944186846958872
93.6943813814,0.9197849087448101,0.9362590856299082,0.9948226751684421
93.9946806807,0.92290654123862,0.9342691112062412,0.995212352609832
94.29497998,0.9262929084439864,0.9323207620221434,0.9955875820465746
94.5952792793,0.9299147070725052,0.9304182552774763,0.9959482335095766
94.8955785786,0.9337405965744631,0.9285657089461868,0.9962941820791515
95.1958778779,0.9377374703383567,0.926767132862957,0.9966253079282882
95.4961771772,0.9418707421726982,0.9250264200439209,0.9969414963641556
95.7964764765,0.9461046455910831,0.9233473382602351,0.9972426378678295
96.0967757758,0.9504025433107195,0.921733521882742,0.9975286281322264
96.3970750751,0.9547272442862277,0.9201884640153776,0.9977993680982328
96.6973743744,0.9590413255353212,0.9187155089343509,0.9980547639890165
96.9976736737,0.9633074559715082,0.9173178448494625,0.9982947273425087
97.297972973,0.967488719441591,0.9159984970032268,0.998519175042044
97.5982722723,0.9715489341726182,0.9147603211227381,0.9987280293451506
97.8985715716,0.9754529658640179,0.9136059972384518,0.9989212179104772
98.1988708709,0.9791670317156234,0.9125380238832617,0.999098673822851
98.4991701702,0.9826589927607489,0.9115587126844273,0.9992603356164547
98.7994694695,0.9858986319746624,0.9106701833600598,0.9994061472961164
99.0997687688,0.9888579157518952,0.9098743591309931,0.9995360583567056
99.4000680681,0.9915112364897469,0.9091729625579758,0.9996500238006256
99.7003673674,0.9938356341788356,0.9085675118131888,0.9997480041534006
100.000666667,0.9958109950831968,0.908059317394164,0.9998299654773476
100.300965966,0.9974202257906957,0.9076494792872134,0.9998958793833322
100.601265265,0.9986494011276373,0.9073388845865097,0.9999457230406015
100.901564565,0.9994878846576251,0.9071282055739722,0.9999794791846917
101.201863864,0.9999284207219512,0.9070178982641128,0.9999971361234087
101.502163163,0.9999671972250684,0.9070082014169936,0.9999986877408775
101.802462462,0.9996038786218381,0.9070991360214302,0.9999841334996609
102.102761762,0.9988416088211061,0.9072905052495625,0.9999534784409452
102.403061061,0.9976869839804823,0.9075818948828873,0.9999067331827943
102.70336036,0.996149995427738,0.9079726742088347,0.9998439139164723
103.00365966,0.9942439432027396,0.9084619973859442,0.9997650424008346
103.303958959,0.9919853209680679,0.9090488052746883,0.9996701459547915
103.604258258,0.9893936732842279,0.9097318277299783,0.999559257447846
103.904557558,0.9864914264844884,0.9105095863503926,0.9994324152887082
104.204856857,0.9833036946128475,0.9113803976781748,0.999289663411992
104.505156156,0.9798580621044013,0.9123423768430764,0.9991310512629972
104.805455455,0.9761843450886487,0.9133934416421569,0.9989566337805829
105.105754755,0.9723143333812525,0.9145313170467089,0.9987664713781385
105.406054054,0.9682815153968788,0.9157535401265571,0.9985606299226577
105.706353353,0.9641207883635323,0.917057465381067,0.9983391807119246
106.006652653,0.9598681563459914,0.9184402704653287,0.9981022004498177
106.306951952,0.9555604186914397,0.9198989622991198,0.9978497712197418
106.607251251,0.9512348515932734,0.9214303835454241,0.9975819804561968
106.907550551,0.9469288855286081,0.9230312194444849,0.9972989209144928
107.20784985,0.9426797813607213,0.924698004988599,0.997000690638622
107.508149149,0.9385243079092169,0.9264271324221225,0.9966873929272988
107.808448448,0.9344984237779956,0.9282148590504542,0.9963591362981808
108.108747748,0.9306369661942756,0.930057315341094,0.9960160344502808
108.409047047,0.9269733495512303,0.9319505132992429,0.9956582062245839
108.709346346,0.923539276262857,0.9338903550998131,0.9952857755628854
109.009645646,0.9203644624331294,0.9358726419571661,0.9948988714648608
109.309944945,0.9174763807133093,0.9378930832133813,0.9944976279433825
109.610244244,0.9149000225725541,0.939947305625379,0.9940821839781029
109.910543544,0.9126576820389622,0.9420308628308023,0.9936526834673152
110.210842843,0.9107687627824164,0.9441392449721628,0.9932092751781106
110.511142142,0.9092496102085937,0.9462678884584235,0.9927521126948505
110.811441441,0.9081133700170894,0.9484121858428861,0.9922813543659679
111.111740741,0.9073698744475891,0.9505674957960054,0.9917971632491209
111.41204004,0.907025557198442,0.9527291531515428,0.9912997070547133
111.712339339,0.9070833977538689,0.9548924790043131,0.9907891580878049
112.012638639,0.9075428956015585,0.9570527908376705,0.9902656931884296
112.312937938,0.908400074563756,0.9592054126588115,0.9897294936703427
112.613237237,0.9096475172043655,0.961345685119956,0.9891807452582192
112.913536537,0.9112744290143318,0.9634689756035018,0.9886196380233236
113.213835836,0.9132667318198819,0.9655706882493192,0.9880463663176748
113.514135135,0.9156071856053425,0.967646273902488,0.9874611287067276
113.814434434,0.9182755376963547,0.9696912399599366,0.9868641279005952
114.114733734,0.9212486980125635,0.9717011600946781,0.9862555706838362
114.415033033,0.9245009388732621,0.97367168383659,0.9856356678438299
114.715332332,0.9280041176270136,0.9755985459890026,0.9850046340977658
115.015631632,0.9317279201787649,0.9774775758607138,0.9843626880182711
115.315930931,0.9356401233071363,0.9793047062934442,0.9837100519577032
115.61623023,0.9397068735019767,0.9810759824651989,0.9830469519711333
115.91652953,0.9438929799093131,0.9827875704504748,0.9823736177380469
116.216828829,0.9481622188487524,0.984435765518789,0.9816902824827892
116.517128128,0.9524776472682521,0.9860170001535637,0.980997182893783
116.817427427,0.9568019224238351,0.9875278517740125,0.9802945590415459
117.117726727,0.9610976250179676,0.9889650501433136,0.9795826542955367
117.418026026,0.965327583000373,0.990325484447033,0.9788617152398592
117.718325325,0.9694551932293446,0.9916062100264807,0.9781319915878517
118.018624625,0.973444738210109,0.9928044547524201,0.9773937360955938
118.318923924,0.9772616951694177,0.9939176250253396,0.9766472044743585
118.619223223,0.980873034791837,0.9949433113892967,0.9758926553020407
118.919522523,0.9842475070326842,0.9958792937471816,0.9751303499335934
119.219821822,0.9873559115343833,0.9967235461661166,0.974360552410501
119.520121121,0.9901713503062367,0.9974742412625847,0.973583529369323
119.82042042,0.9926694604811043,0.9981297541578001,0.9727995499493386
120.12071972,0.994828625134867,0.9986886659947565,0.972008885699324
120.421019019,0.9966301603443939,0.9991497670093414,0.9712118104834955
120.721318318,0.9980584768653377,0.9995120591488699,0.9704086003866503
121.021617618,0.9991012150307141,0.9997747582323679,0.9695995336185395
121.321916917,0.999749351702944,0.999937295647932,0.9687848904175018
121.622216216,0.999997278353867,0.9999993195834886,0.9679649529533989
121.922515516,0.9998428495970813,0.9999606957882912,0.9671400052298785
122.222814815,0.9992874017526383,0.9998215078635059,0.9663103329860033
122.523114114,0.9983357412834497,0.9995820570812568,0.9654762235972792
122.823413413,0.99699610320347,0.9992428617325225,0.9646379659761166
123.123712713,0.9952800798175594,0.9988046560052966,0.9637958504717583
123.424012012,0.9932025204096656,0.9982683883954373,0.9629501687697112
123.724311311,0.9907814027473528,0.9976352196536502,0.9621012137907149
124.024610611,0.9880376775145879,0.9969065202730438,0.9612492795892809
124.32490991,0.9849950870189591,0.9960838675226993,0.9603946612518414
124.625209209,0.9816799597421041,0.995169042033672,0.9595376547945385
124.925508509,0.9781209825111732,0.9941640239448185,0.9586785570606936
125.225807808,0.9743489522627929,0.9930709886167877,0.9578176656179879
125.526107107,0.9703965095475976,0.9918923019234539,0.9569552786553939
125.826406406,0.9662978560813961,0.9906305151309871,0.9560916948798909
126.126705706,0.9620884587870884,0.9892883593756379,0.9552272134130009
126.427005005,0.9578047428883546,0.9878687397521969,0.9543621336871815
126.727304304,0.9534837767108677,0.9863747290259202,0.9534967553421103
127.027603604,0.9491629509185466,0.9848095609815309,0.952631378120899
127.327902903,0.9448796549605122,0.9831766234236968,0.9517663017662693
127.628202202,0.9406709535285611,0.9814794508441292,0.9509018259167317
127.928501502,0.9365732658248594,0.97972171677118,0.9500382500027976
128.228800801,0.9326220504152647,0.9779072258184929,0.9491758731432665
128.5291001,0.9288514983953284,0.9760399054499211,0.9483149940416178
128.829399399,0.9252942375241144,0.9741237974785358,0.9474559108825497
129.129698699,0.9219810498860551,0.9721630493181254,0.946598921228695
129.429997998,0.9189406055240028,0.970161905006123,0.9457443219175548
129.730297297,0.9161992143484345,0.9681246960173914,0.9448924089586811
130.030596597,0.9137805984696151,0.96605583188875,0.944043477431148
130.330895896,0.9117056869228016,0.9639597906745373,0.9431978213813447
130.631195195,0.9099924345627928,0.9618411092538661,0.9423557337211249
130.931494494,0.9086556666949874,0.9597043735105534,0.9415175061263513
131.231793794,0.9077069507874075,0.9575542084069795,0.9406834289358667
131.532093093,0.9071544963738,0.9553952679733613,0.9398537910509284
131.832392392,0.9070030840139891,0.9532322252341097,0.9390288798351415
132.132691692,0.9072540239262054,0.9510697620930711,0.9382089810149238
132.432990991,0.9079051446493596,0.9489125591995525,0.9373943785805373
132.73329029,0.9089508118333713,0.9467652858170608,0.9365853546877233
133.03358959,0.910381976994952,0.9446325897166853,0.9357821895599703
133.333888889,0.9121862558169443,0.9425190871170036,0.9349851613914526
133.634188188,0.9143480353136697,0.9404293526922795,0.9341945462506718
133.934487487,0.9168486089349474,0.9383679096705867,0.9334106179848343
134.234786787,0.9196663384396908,0.9363392200432844,0.9326336481249977
134.535086086,0.9227768411383354,0.9343476749070434,0.9318639057920206
134.835385385,0.9261532008838333,0.9323975849593198,0.9311016576033464
135.135684685,0.9297662009854438,0.9304931711678561,0.930347167580654
135.435983984,0.9335845770298418,0.9286385556344001,0.9296006970584084
135.736283283,0.9375752874218093,0.9268377526724196,0.9288625045933415
136.036582583,0.9417037993034307,0.9250946601181262,0.9281328458748956
136.336881882,0.9459343873776535,0.923413050893611,0.9274119736366591
136.637181181,0.9502304430503897,0.921796564840359,0.9267001375688264
136.93748048,0.9545547912160642,0.9202487008408169,0.9259975842317133
137.23777978,0.958870011945364,0.918772809245064,0.925304556970354
137.538079079,0.9631387642915199,0.9173720846189842,0.9246212958302139
137.838378378,0.9673241094131324,0.9160495588296302,0.9239480374740442
138.138677678,0.9713898302174504,0.914808094482751,0.9232850150999086
138.438976977,0.9753007447581374,0.9136503787266843,0.9226324583604096
138.739276276,0.9790230106755917,0.9125789174360268,0.921990593283144
139.039575576,0.9825244180454086,0.9115960297876711,0.9213596421924123
139.339874875,0.9857746681008704,0.9107038432409493,0.920739823632212
139.640174174,0.9887456354175979,0.9099042889327499,0.9201313522905403
139.940473473,0.9914116112915897,0.9091990974975739,0.9195344389250321
140.240772773,0.993749526204636,0.9085897953215777,0.9189492902899588
140.541072072,0.9957391494520305,0.908077701238712,0.9183761090646146
140.841371371,0.9973632642051492,0.9076639236761073,0.9178150937831149
141.141670671,0.9986078164940223,0.9073493582548843,0.9172664387656282
141.44196997,0.9994620368207068,0.9071346858515826,0.9167303340510697
141.742269269,0.9999185333510997,0.9070203711244047,0.9162069653312771
142.042568569,0.9999733558787783,0.9070066615074632,0.9156965138866917
142.342867868,0.9996260300073637,0.9070935866752105,0.9151991565235684
142.643167167,0.9988795612556205,0.9072809584782076,0.9147150655127346
142.943466466,0.9977404090497687,0.9075683713503743,0.9142444085299202
143.243765766,0.9962184308280595,0.9079552031868361,0.9137873485976797
143.544065065,0.9943267967412975,0.9084406166904698,0.9133440440289256
143.844364364,0.9920818756874301,0.9090235611842321,0.9129146483720929
144.144663664,0.9895030936663842,0.9097027748853488,0.9124993103579546
144.444962963,0.9866127656808487,0.9104767876364429,0.9120981738481052
144.745262262,0.983435902637616,0.9113439240876885,0.9117113777851312
145.045561562,0.97999999492043,0.9123023073231037,0.9113390561444852
145.345860861,0.9763347745071473,0.9133498629231335,0.9109813378880802
145.64616016,0.9724719576896873,0.9144843234547287,0.9106383469196211
145.946459459,0.9684449706230963,0.915703233379203,0.9103102020416881
146.246758759,0.9642886600786341,0.9170039543672435,0.909997016914586
146.547058058,0.9600389919038281,0.9183836710095716,0.9096989000169763
146.847357357,0.9557327397988088,0.9198393969108944,0.9094159546083024
147.147656657,0.9514071671020506,0.9213679811539537,0.9091482786930242
147.447955956,0.9470997043391151,0.9229661151196834,0.9088959649866712
147.748255255,0.9428476253246747,0.9246303396487128,0.9086591008837294
148.048554555,0.9386877246206071,0.9263570525287117,0.908437768427369
148.348853854,0.9346559991412055,0.928142516291378,0.9082320442810281
148.649153153,0.9307873366606896,0.9299828663021823,0.9080419997018582
148.949452452,0.927115213918446,0.9318741191253658,0.9078677005160424
149.249751752,0.9236714069343924,0.9338121811460837,0.9077092070959951
149.550051051,0.9204857160411982,0.9357928574310291,0.9075665743394513
149.85035035,0.9175857080127376,0.9378118608083639,0.9074398516504507
150.15064965,0.9149964775202253,0.9398648211472955,0.9073290829222261
150.450948949,0.912740429980222,0.9419472948172231,0.9072343065219997
150.751248248,0.9108370876735987,0.9440547743059697,0.9071555552776935
151.051547548,0.90930292081317,0.9461826979762891,0.9070928564665597
151.351846847,0.9081512050218217,0.9483264599395236,0.9070462318057312
151.652146146,0.9073919064544166,0.9504814200250472,0.9070156974447002
151.952445445,0.907031595557559,0.9526429138239092,0.9070012639597246
152.252744745,0.9070733902134763,0.9548062627849423,0.907002936350164
152.553044044,0.9075169287600152,0.9569667843414832,0.9070207140367488
152.853343343,0.908358373120216,0.9591198020467826,0.9070545908617801
153.153642643,0.9095904420143869,0.9612606556961699,0.9071045550912633
153.453941942,0.9112024739672804,0.9633847114140611,0.907170589418972
153.754241241,0.9131805195651542,0.9654873716839779,0.9072526709724424
154.054540541,0.9155074621643858,0.9675640852998683,0.9073507713208958
154.35483984,0.9181631660071122,0.9696103572171867,0.9074648564850862
154.655139139,0.9211246504622035,0.9716217582824137,0.9075948869490698
154.955438438,0.9243662888838098,0.9735939348199545,0.9077408176738921
155.255737738,0.927860030366697,0.975522618055665,0.9079025981131885
155.556037037,0.9315756424794502,0.9774036333566095,0.9080801722306915
155.856336336,0.9354809728751066,0.97923290926705,0.908273478519641
156.156635636,0.9395422275154068,0.9810064863211063,0.9084824500240877
156.456934935,0.9437242631011208,0.9827205256130183,0.9087070143620853
156.757234234,0.947990891177941,0.9843713171064522,0.9089470937507614
157.057533534,0.9523051912864301,0.9859552876648705,0.9092026050332596
157.357832833,0.9566298304462378,0.9874690087855832,0.9094734597075421
157.658132132,0.9609273862099884,0.9889092040207378,0.9097595639570452
157.958431431,0.9651606704913523,0.9902727560691872,0.9100608186831741
158.258730731,0.9692930513651232,0.9915567135238859,0.9103771195396283
158.55903003,0.9732887700546559,0.9927582972602066,0.9107083569685439
158.859329329,0.9771132503636794,0.9938749064513535,0.9110544162384421
159.159628629,0.9807333978748757,0.9949041241978485,0.9114151774839678
159.459927928,0.9841178863261622,0.9958437227589081,0.9117905157474091
159.760227227,0.9872374286865786,0.9966916683743862,0.9121803010219781
160.060526527,0.9900650305860734,0.9974461256668459,0.9125843982968422
160.360825826,0.9925762239061806,0.9981054616142317,0.9130026676038879
160.661125125,0.9947492785102571,0.9986682490845448,0.9134349640662017
160.961424424,0.9965653902811127,0.9991332699248681,0.9138811379482522
161.261723724,0.9980088438388829,0.9994995175980578,0.9143410347077533
161.562023023,0.9990671485310969,0.9997661993613913,0.9148144950491943
161.862322322,0.9997311465181782,0.9999327379824585,0.9153013549790147
162.162621622,0.9999950920190774,0.9999987729885805,0.9158014458624076
162.462920921,0.9998567010313026,0.9999641614470528,0.9163145944817301
162.76322022,0.9993171710951031,0.9998289782745222,0.9168406230965006
163.06351952,0.9983811709307812,0.9995935160748305,0.9173793495049636
163.363818819,0.9970568000388036,0.9992582845056738,0.9179305871071993
163.664118118,0.9953555186123054,0.9988240091754481,0.9184941449697566
163.964417417,0.9932920483684758,0.9982916300726716,0.9190698278917868
164.264716717,0.9908842451569612,0.9976622995313802,0.919657436472657
164.565016016,0.9881529444476465,0.9969373797369014,0.9202567671810151
164.865315315,0.9851217810348536,0.9961184397774056,0.920867612425289
165.165614615,0.9818169845181202,0.9952072522476163,0.9214897606255901
165.465913914,0.9782671523293172,0.9942057894120311,0.9221229962869981
165.766213213,0.9745030022701772,0.9931162189359563,0.9227671000742033
166.066512513,0.9705571067016074,0.9919408991935982,0.923421848887478
166.366811812,0.9664636106849205,0.990682374163364,0.9240870159399521
166.667111111,0.9622579365140029,0.989343367921424,0.9247623708361655
166.96741041,0.9579764771951893,0.9879267787454498,0.9254476796518714
167.26770971,0.953656281527266,0.9864356728412967,0.92614270501506
167.568009009,0.949334733506693,0.9848732777062043,0.926847206188179
167.868308308,0.9450492288322561,0.9832429751428796,0.9275609391515176
168.168607608,0.9408368513084616,0.9815482939395916,0.9282836566877282
168.468906907,0.9367340519478424,0.9797929022321108,0.9290151084674558
168.769206206,0.9327763335490128,0.9779805995640333,0.9297550411360452
169.069505506,0.9289979434799108,0.976115308662672,0.9305031984012962
169.369804805,0.9254315773246778,0.9742010669483184,0.9312593211222355
169.670104104,0.9221080959586003,0.9722420177952498,0.9320231473988766
169.970403403,0.9190562584993597,0.9702424015633992,0.9327944126629346
170.270702703,0.9163024734454458,0.9682065464201021,0.9335728497694649
170.571002002,0.9138705701552062,0.9661388589717801,0.9343581890893955
170.871301301,0.9117815926440012,0.9640438147258489,0.9351501586029184
171.171600601,0.9100536174837922,0.9619259484034837,0.9359484839937101
171.4718999,0.9087015973809468,0.9597898441242223,0.9367528887439472
171.772199199,0.9077372317858194,0.9576401254836422,0.9375630942300842
172.072498498,0.9071688656537695,0.9554814455455911,0.9383788198193617
172.372797798,0.9070014172336687,0.953318476770638,0.9391997829670083
172.673097097,0.9072363355087633,0.951155900902533,0.9400256993141086
172.973396396,0.907871587658172,0.9489983988345813,0.940856282786095
173.273695696,0.9089016766475175,0.9468506404778517,0.9416912456918376
173.573994995,0.9103176887964737,0.9447172746531607,0.9425302988232914
173.874294294,0.9121073709116128,0.9426029190287033,0.9433731515556707
174.174593594,0.9142552363170997,0.9405121501251144,0.9442195119481132
174.474892893,0.9167426988657114,0.9384494934095962,0.9450690868447997
174.775192192,0.9195482337705505,0.9364194135005469,0.9459215819764966
175.075491491,0.9226475638657168,0.9344263045039007,0.9467767020624809
175.375790791,0.9260138696841751,0.9324744805020881,0.9476341509128183
175.67609009,0.9296180215349404,0.9305681662162102,0.9484936315309553
175.976389389,0.9334288315713543,0.9287114878616326,0.9493548462165898
176.276688689,0.9374133236692184,0.9269084642167977,0.9502174966687871
176.576987988,0.9415370187794494,0.9251629979245828,0.951081284089302
176.877287287,0.9457642332860157,0.923478867045032,0.951945909286076
177.177586587,0.950058387787358,0.921859716877751,0.9528110727768672
177.477885886,0.9543823236293304,0.9203090520716577,0.953676474892984
177.778185185,0.9586986244505837,0.9188302290391749,0.9545418158830815
178.078484484,0.9629699399579774,0.9174264486912783,0.9554067960169869
178.378783784,0.9671593091302815,0.9161007495091272,0.9562711156895184
178.679083083,0.9712304800533822,0.9148560009672765,0.9571344755242596
178.979382382,0.9751482236193709,0.9136948973227003,0.9579965764772551
179.279681682,0.978878638374966,0.9126199517830769,0.9588571199405918
179.579980981,0.9823894438813334,0.9116334910669519,0.9597158078458274
179.88028028,0.9856502600467572,0.9107376503675593,0.9605723427672339
180.18057958,0.9886328700150223,0.9099343687311974,0.9614264280248173
180.480878879,0.9913114643346447,0.9092253848601652,0.9622777677870792
180.781178178,0.9936628642960798,0.9086122333493428,0.9631260671734847
181.081477477,0.9956667225043051,0.9080962413645621,0.9639710323566014
181.381776777,0.997305698951154,0.9076785257699588,0.9648123706638725
181.682076076,0.9985656110638002,0.9073599907105194,0.9656497906789901
181.982375375,0.9994355564309687,0.9071413256550619,0.9664830023428352
182.282674675,0.9999080071448921,0.9070230039038801,0.9673117170539445
182.582973974,0.9999788749426366,0.9070052815642863,0.9681356477684748
182.883273273,0.9996475465831122,0.9070881969962665,0.9689545090996273
183.183572573,0.9989168891536387,0.9072715707294515,0.9697680174164969
183.483871872,0.9977932252601484,0.9075550058515789,0.9705758909423146
183.784171171,0.996286278315709,0.9079378888676103,0.9713778498520472
184.08447047,0.9944090884008093,0.9084193910276401,0.9721736163693211
184.38476977,0.9921778994234863,0.9089984701207244,0.9729629148626353
184.685069069,0.9896120185557387,0.9096738727307452,0.9737454719408342
184.985368368,0.9867336491625642,0.9104441369494279,0.9745210165478011
185.285667668,0.9835676986693369,0.9113075955406417,0.975289280056346
185.585966967,0.9801415630301128,0.9122623795491287,0.9760499963612491
185.886266266,0.9764848896619185,0.9133064223458572,0.9768029019714339
186.186565566,0.972629320896435,0.9144374641012375,0.9775477361012319
186.486864865,0.9686082201690617,0.9156530566765203,0.9782842407607121
186.787164164,0.9644563833147339,0.9169505689227921,0.9790121608450416
187.087463463,0.960209737468748,0.9183271923760927,0.9797312442228467
187.387762763,0.9559050301780827,0.9197799473363338,0.9804412418235446
187.688062062,0.9515795114134538,0.921305689316856,0.9811419077236138
187.988361361,0.9472706112337312,0.9229011158506678,0.981832999231776
188.288660661,0.9430156158920023,0.9245627736386319,0.9825142769730572
188.58895996,0.9388513451860305,0.9262870660241272,0.9831855049717005
188.889259259,0.9348138338450953,0.928070260778009,0.9838464507329022
189.189558559,0.9309380197102752,0.9299084981770152,0.9844968853233406
189.489857858,0.9272574414064448,0.9317977993581332,0.985136583450473
189.790157157,0.9238039481221267,0.9337340749308451,0.9857653235405702
190.090456456,0.9206074240085568,0.9357131338286098,0.9863828878154643
190.390755756,0.9176955295828344,0.9377306923804214,0.98698906236798
190.691055055,0.9150934623728662,0.9397823835828109,0.9875836372360268
190.991354354,0.9128237388753194,0.9418637665522225,0.9881664064753242
191.291653654,0.9109059997133793,0.9439703361372991,0.9887371682307342
191.591952953,0.9093568396803257,0.94609753267028,0.9892957248061796
191.892252252,0.908189664139629,0.9482407518363959,0.9898418827331192
192.192551552,0.9074145730241704,0.9503953546399047,0.9903754528375612
192.492850851,0.9070382734383833,0.9525566774451915,0.9908962503055864
192.79315015,0.9070640216195919,0.9547200420712052,0.9914040947473639
193.093449449,0.907491594760778,0.9568807659173755,0.9918988102596327
193.393748749,0.9083172929385989,0.9590341720990969,0.9923802254866293
193.694048048,0.909533971129975,0.9611755995708426,0.9928481736794412
193.994347347,0.9111311010401959,0.9633004132149902,0.9933024927537639
194.294646647,0.9130948622075284,0.9654040138745313,0.9937430253460424
194.594945946,0.9154082615959692,0.9674818483079414,0.9941696188679775
194.895245245,0.9180512806412691,0.969529419044666,0.9945821255593779
195.195544545,0.9210010484777945,0.9715422941198929,0.9949804025393413
195.495843844,0.9242320398472397,0.9735161166675338,0.995364311855743
195.796143143,0.9277162959766232,0.9754466143506576,0.9957337205330199
196.096442442,0.9314236665142435,0.9773296086089588,0.9960885006182285
196.396741742,0.9353220704300506,0.9791610237032484,0.9964285292253652
196.697041041,0.939377773622768,0.9809368955373846,0.9967536885779299
196.99734034,0.9435556808315688,0.9826533802385585,0.9970638660497211
197.29763964,0.947819639326274,0.9843067624773502,0.9973589542038458
197.597938939,0.9521327517481701,0.9858934635095563,0.9976388508299335
197.898238238,0.9564576953943293,0.9874100489223793,0.9979034589795386
198.198537538,0.9607570451825596,0.988853236068209,0.9981526869997202
198.498836837,0.9649935975022809,0.990219901169911,0.998386448564789
198.799136136,0.9691306921489339,0.9915070860822388,0.9986046627062078
199.099435435,0.973132529556131,0.9927120046947366,0.9988072538406366
199.399734735,0.9769644805804355,0.9938320489622723,0.9989941517961126
199.700034034,0.9805933861581055,0.994864794550148,0.9991652918363562
200.000333333,0.9839878442407876,0.9958080060815717,0.9993206146831931
200.300632633,0.9871184815272004,0.9966596419761263,0.9994600665370876
200.600931932,0.9899582076394476,0.9974178588687695,0.9995835990957764
200.901231231,0.9924824495444801,0.9980810155997949,0.9996911695709998
201.201530531,0.9946693641921928,0.9986476767671215,0.9997827407033217
201.50182983,0.9965000275301279,0.9991166158332189,0.9998582807750362
201.802129129,0.9979585982591859,0.9994868177799472,0.9999177636211528
202.102428428,0.9990324549133125,0.9997574813055631,0.9999611686384594
202.402727728,0.9997123050769688,0.9999280205591357,0.9999884807926595
202.703027027,0.9999922657952927,0.9999980664086213,0.9999996906235783
203.003326326,0.9998699144811356,0.9999674672398486,0.999994794248441
203.303625626,0.9993463098784638,0.9998362892846879,0.9999737933632161
203.603924925,0.9984259829007165,0.999604816477692,0.9999366952420292
203.904224224,0.9971168974234037,0.9992735498415203,0.999883512734643
204.204523524,0.9954303813702144,0.9988432064024754,0.9998142642620063
204.504822823,0.9933810286889713,0.9983147176385011,0.9997289738098736
204.805122122,0.9909865730656617,0.9976892274629987,0.9996276709204973
205.105421421,0.9882677344693396,0.9969680897488278,0.9995103906823951
205.405720721,0.9852480398557883,0.9961528653978496,0.9993771737181959
205.70602002,0.9819536195814594,0.9952453189623571,0.9992280661705697
206.006319319,0.9784129812893718,0.9942474148257027,0.9990631196862446
206.306618619,0.974656763223611,0.9931613129503922,0.9988823913981184
206.606917918,0.9707174691070795,0.9919893642028496,0.9986859439054689
206.907217217,0.9666291868766714,0.9907341052649665,0.9984738452522711
207.207516517,0.9624272937097612,0.9893982531434602,0.9982461689036294
207.507815816,0.9581481498944786,0.9879846992889112,0.9980029937203302
207.808115115,0.9538287841928392,0.9864965033372252,0.9977444039315279
208.108414414,0.9495065734193451,0.9849368864870517,0.9974704891055693
208.408713714,0.9452189190077903,0.9833092245275037,0.9971813441189702
208.709013013,0.9410029233650253,0.9816170405312657,0.9968770691235526
209.009312312,0.9368950688122908,0.9798639972289059,0.9965577695117545
209.309611612,0.9329309018923497,0.9780538890808999,0.9962235558801259
209.609910911,0.9291447257741996,0.9761906340645241,0.9958745439910198
209.91021021,0.9255693034170842,0.9742782651933988,0.9955108547324967
210.21050951,0.9222355740624217,0.9723209217880343,0.9951326140764515
210.510808809,0.9191723855069251,0.9703228405162746,0.9947399530349802
210.811108108,0.9164062444736494,0.9682883462230348,0.9943330076150019
211.111407407,0.913961087241074,0.9662218425691789,0.9939119187711485
211.411706707,0.911858072515043,0.9641278024997998,0.9934768323569428
211.712006006,0.9101153983359033,0.9620107585625343,0.9930278990742789
212.012305305,0.908748144605203,0.9598752930968678,0.9925652744212224
212.312604605,0.9077681425946158,0.9577260283156669,0.9920891186381512
212.612903904,0.907183872566266,0.955567616300401,0.9915995966522518
212.913203203,0.9070003903903849,0.9534047289317205,0.9910968780203939
213.213502503,0.9072192837952936,0.9512420477771714,0.9905811368704
213.513801802,0.9078386586282954,0.9490842539579516,0.9900525518407322
213.814101101,0.9088531552463683,0.9469360180166255,0.9895113060186174
214.1144004,0.9102539948948238,0.9448019898077403,0.9889575868766307
214.4146997,0.9120290556725983,0.9426867884332216,0.98839158620776
214.714998999,0.9141629774268357,0.9405949922443289,0.9878135000589742
215.015298298,0.9166372946690626,0.938531128931823,0.9872235286633178
215.315597598,0.9194305963628059,0.9364996657257795,0.9866218763705562
215.615896897,0.9225187111999442,0.9345049997262779,0.9860087515763942
215.916196196,0.9258749167625572,0.9325514483858799,0.9853843666502937
216.216495495,0.9294701707603151,0.9306432401645087,0.9847489378619146
216.516794795,0.9332733623424484,0.9287845053769518,0.984102685306205
216.817094094,0.937251581309611,0.9269792672527991,0.9834458328271668
217.117393393,0.9413704028960718,0.9252314332281655,0.9827786079403218
217.417692693,0.9455941856579153,0.9235447864880497,0.9821012417539066
217.717991992,0.949886379889536,0.9219229777776353,0.9814139688888238
218.018291291,0.954209843899612,0.920369517500254,0.980717027397375
218.318590591,0.9585271654097016,0.9188877681191235,0.9800106586808065
218.61888989,0.9628009852943272,0.9174809368792981,0.9792951074056946
218.919189189,0.9669943208611028,0.9161520688655899,0.9785706214191997
219.219488488,0.9710708858734709,0.9149040404114861,0.9778374516632191
219.519787788,0.9749954045467911,0.9137395528733279,0.9770958520874671
219.820087087,0.9787339168006706,0.9126611267832279,0.976346079561515
220.120386386,0.9822540721261057,0.9116710963933794,0.9755883937858172
220.420685686,0.985525409524488,0.9107716046235721,0.9748230572017592
220.720984985,0.988519621096103,0.9099645984228422,0.9740503349007549
221.021284284,0.9912107969971844,0.9092518245553047,0.9732704945324258
221.321583584,0.993575649645852,0.9086348258192831,0.9724838062118952
221.621882883,0.995593715236797,0.908114937707925,0.9716905424262275
221.922182182,0.9972475308209527,0.9076932855185275,0.9708909779400463
222.222481481,0.9985227854178232,0.9073707819168328,0.9700853897003633
222.522780781,0.9994084438528476,0.9071481249615649,0.9692740567406519
222.82308008,0.9998968422481955,0.9070257965934805,0.9684572600841976
223.123379379,0.9999837543406873,0.9070040615922103,0.9676352826467591
223.423678679,0.9996684280529617,0.9070829670031425,0.9668084091385744
223.723977978,0.9989535920014355,0.9072623420355942,0.9659769259657446
224.024277277,0.9978454318847377,0.9075417984324871,0.9651411211310317
224.324576577,0.9963535369569352,0.9079207313107291,0.964301284134101
224.624875876,0.9944908170487357,0.9083983204704846,0.9634577058712478
224.925175175,0.9922733908547096,0.9089735321704944,0.9626106785346382
225.225474474,0.9897204464532116,0.9096451213656089,0.9617604955111021
225.525773774,0.986854075265975,0.9104116344016866,0.9609074512805118
225.826073073,0.9836990808941665,0.9112714121620273,0.9600518413137826
226.126372372,0.9802827644851171,0.9122225936585282,0.9591939619705303
226.426671672,0.9766346884870019,0.9132631200597909,0.9583341103964188
226.726970971,0.9727864208357841,0.9143907391474605,0.9574725844202393
227.02727027,0.9687712617880525,0.9156030101911481,0.9566096824507493
227.32756957,0.9646239557635398,0.9168973092313926,0.9557457033733118
227.627868869,0.960380390690864,0.9182708347592142,0.9548809464463707
227.928168168,0.9560772874581134,0.919720613779982,0.954015711197795
228.228467467,0.9517518821555928,0.9212435082484544,0.9531502973211317
228.528766767,0.9474416038603489,0.9228362218610766,0.9522850045717991
228.829066066,0.9431837507507317,0.9244953071908266,0.9514201326632605
229.129365365,0.9390151673536574,0.926217173149167,0.9505559811632116
229.429664665,0.9349719257174641,0.9279980927589515,0.9496928493898186
229.729963964,0.9310890132692562,0.9298342112214656,0.9488310363080426
230.030263263,0.927400030057821,0.9317215542601328,0.9479708404260861
230.330562563,0.9239368980019611,0.9336560367228319,0.9471125596919991
230.630861862,0.9207295846601984,0.9356334714242074,0.9462564913904764
230.931161161,0.9178058439121799,0.9376495782088241,0.9454029320398879
231.23146046,0.9151909757957214,0.9396999932155624,0.9445521772895726
231.53175976,0.9129076075777156,0.9417802783231901,0.9437045218174329
231.832059059,0.9109754979533558,0.9438859307566712,0.9428602592278678
232.132358358,0.9094113660680019,0.9460123928334185,0.9420196819500747
232.432657658,0.9082287468412175,0.9481550618283926,0.9411830811367619
232.732956957,0.9074378738449018,0.9503092999366963,0.9403507465632998
233.033256256,0.9070455907490105,0.952470444312097,0.9395229665273519
233.333555556,0.9070552921011508,0.9546338171597553,0.9387000277490155
233.633854855,0.907466893952506,0.9567947358613044,0.9378822152715105
233.934154154,0.9082768345842708,0.9589485231103754,0.937069812362448
234.234453453,0.909478105328311,0.9610905170366207,0.9362631004157141
234.534752753,0.911060311215349,0.9632160812963285,0.9354623588540033
234.835052052,0.9130097609258647,0.9653206151077832,0.9346678650320338
235.135351351,0.915309585265341,0.9673995632096544,0.9338798941404797
235.435650651,0.917939883138648,0.9694484257208531,0.9330987191106525
235.73594995,0.9208778937604095,0.9714627678805222,0.9323246105199652
236.036249249,0.9240981936111545,0.973438229647071,0.9315578364982118
236.336548549,0.9275729164349374,0.9753705351354807,0.9307986626346948
236.636847848,0.931271994374715,0.9772555018724531,0.9300473518862321
236.937147147,0.9351634181588638,0.9790890498493708,0.9293041644860759
237.237446446,0.9392135140873583,0.9808672103534701,0.9285693578537758
237.537745746,0.9433872354207714,0.9825861345581178,0.927843186506015
237.838045045,0.9476484656506063,0.9842421018535916,0.9271259019684531
238.138344344,0.9519603310266728,0.985831527900335,0.9264177526886048
238.438643644,0.9562855196371196,0.9873509723872599,0.9257189839497841
238.738942943,0.9605866042800013,0.9887971464782924,0.9250298377861452
239.039242242,0.9648263663325015,0.9901669199310585,0.9243505528988487
239.339541542,0.9689681178152456,0.9914573278722891,0.9236813645733818
239.639840841,0.972976018864795,0.9926655772152854,0.9230225045980621
239.94014014,0.9768153878671303,0.9937890527055524,0.9223742011837527
240.240439439,0.9804530015684386,0.9948253225815141,0.9217366788848158
240.540738739,0.9838573825662658,0.9957721438380606,0.9211101585213338
240.841038038,0.9869990716932593,0.9966274670815279,0.9204948571026231
241.141337337,0.9898508829365107,0.9973894409656112,0.919890987752068
241.441636637,0.9923881386865735,0.9980564161985996,0.9192987596333008
241.741935936,0.994588883280496,0.9986269491132685,0.9187183778777532
242.042235235,0.9964340729909946,0.9990998047916942,0.9181500435136046
242.342534535,0.9979077408177517,0.9994739597382336,0.9175939533961514
242.642833834,0.9989971346548321,0.9997486040948789,0.9170503001396215
242.943133133,0.9996928276386213,0.9999231433941945,0.9165192720504589
243.243432432,0.9999887997214085,0.9999971998460417,0.9160010530620983
243.543731732,0.9998824897647299,0.9999706131553047,0.915495822671257
243.844031031,0.9993748177016974,0.9998434408688486,0.9150037558757611
244.14433033,0.9984701765765307,0.9996159582509606,0.9145250231139318
244.44462963,0.9971763945301797,0.9992886576875396,0.9140597902055498
244.744928929,0.9955046670609871,0.9988622476203279,0.9136082182944204
245.045228228,0.9934694601465593,0.9983376510134898,0.9131704637925574
245.345527528,0.9910883850651656,0.9977160033558564,0.9127466783260062
245.645826827,0.9883820459998695,0.996998650203161,0.9123370086823253
245.946126126,0.9853738617441257,0.9961871442655856,0.9119415967597422
246.246425425,0.9820898630516811,0.995283242046921,0.9115605795180052
246.546724725,0.9785584673843654,0.9942889000426157,0.9111940889309428
246.847024024,0.9748102330069586,0.993206270504944,0.9108422519407524
247.147323323,0.9708775945570247,0.992037696784458,0.9105051904140314
247.447622623,0.9667945823779065,0.9907857082578074,0.9101830210995651
247.747921922,0.9625965280435831,0.9894530148529064,0.9098758555878886
248.048221221,0.9583197586235765,0.9880425011832982,0.9095838002726352
248.348520521,0.9540012823335174,0.9865572203044097,0.909306956313684
248.64881982,0.9496784682915557,0.9850003871052193,0.9090454196021214
248.949119119,0.9453887231517539,0.9833753713496297,0.9087992807270268
249.249418418,0.9411691674126845,0.98168569038262,0.9085686249440952
249.549717718,0.9370563142022084,0.9799350015169537,0.9083535321461068
249.850017017,0.9330857533180281,0.9781270941169306,0.908154076835255
250.150316316,0.9292918432581022,0.9762658813963105,0.9079703280973395
250.450615616,0.9257074139058773,0.9743553919481664,0.9078023495778385
250.750914915,0.9223634824431014,0.972399761025,0.9076501994598628
251.051214214,0.9192889849485,0.970403221587988,0.9075139304440027
251.351513514,0.9165105260048958,0.9683700951447469,0.9073935897300746
251.651812813,0.9140521484814763,0.9663047823954304,0.9072892190007713
251.952112112,0.9119351254833729,0.9642117537074196,0.9072008544072254
252.252411411,0.9101777762688664,0.9620955394392176,0.9071285265564868
252.552710711,0.9087953077271496,0.9599607201344917,0.9070722605009214
252.85301001,0.9077996827883864,0.9578119166074941,0.9070320757295339
253.153309309,0.9071995169047563,0.9556537799413091,0.9070079861612171
253.453608609,0.9070000034982699,0.9534909814205952,0.9070000001399308
253.753907908,0.9072028690204708,0.9513282024205868,0.9070081204318118
254.054207207,0.9078063580129152,0.9491701242742685,0.9070323442242155
254.354506507,0.9088052482976998,0.9470214181396295,0.9070726631266909
254.654805806,0.9101908961665899,0.944886734888951,0.9071290631738858
254.955105105,0.911951311177715,0.9427706950419948,0.9072015248303844
255.255404404,0.9140712599125911,0.9406778787648945,0.9072900229974743
255.555703704,0.9165323977956271,0.9386128159563895,0.9073945270218393
255.856003003,0.9193134278354423,0.9365799764428642,0.9075150007061774
256.156302302,0.9223902849143527,0.9345837603034138,0.9076514023217381
256.456601602,0.9257363440313208,0.9326284883458766,0.9078036846227764
256.756900901,0.9293226506963655,0.93071839275445,0.9079717948629173
257.0572002,0.9331181714827691,0.928857607929132,0.9081556748134257
257.357499499,0.9370900625689672,0.9270501615368167,0.9083552607833753
257.657798799,0.9412039539463498,0.9252999657934138,0.908570483641709
257.958098098,0.9454242468336338,0.9236108089958597,0.9088012688411846
258.258397397,0.9497144217241836,0.9219863473223546,0.9090475364441956
258.558696697,0.954037354400662,0.9204300969185667,0.9093092011504589
258.858995996,0.9583556371824237,0.9189454262869392,0.9095861723265616
259.159295295,0.9626319026258079,0.9175355489955702,0.9098783540373526
259.459594595,0.9668291468762484,0.9162035167224472,0.9101856450791729
259.759893894,0.970911049874133,0.9149522126500937,0.9105079390149091
260.060193193,0.974842289643571,0.9137843452249239,0.9108451242108608
260.360492492,0.9785888479444373,0.9127024422948117,0.9111970838754069
260.660791792,0.9821183046427798,0.9117088456375678,0.9115636960994591
260.961091091,0.9854001182523194,0.9108057058921637,0.9119448338986885
261.26139039,0.988405890219428,0.9099949779036752,0.9123403652575084
261.56168969,0.9911096106646435,0.9092784164920232,0.9127501531748017
261.861988989,0.9934878834542445,0.9086575726536666,0.9131740557113736
262.162288288,0.9955201286542686,0.9081337902044733,0.913611926039116
262.462587588,0.9971887606150842,0.9077082028710304,0.9140636124918647
262.762886887,0.9984793401454799,0.9073817318366961,0.9145289586179317
263.063186186,0.99938069945948,0.9071550837476977,0.9150078032342966
263.363485485,0.9998850388146666,0.9070287491835974,0.9154999804824349
263.663784785,0.9999879940057776,0.9070030015954327,0.9160053198857678
263.964084084,0.9996886741295309,0.9070778967138327,0.9165236464087104
264.264383383,0.9989896692938875,0.9072532724283882,0.9170547805172985
264.564682683,0.9978970282050429,0.9075287491385404,0.9175985382413748
264.864981982,0.9964202058260903,0.9079037305752258,0.9181547312383112
265.165281281,0.9945719815602856,0.9083774050914994,0.9187231668582446
265.465580581,0.9923683486668984,0.9089487474193443,0.9193036482108068
265.76587988,0.9898283758665635,0.9096165208888629,0.9198959742333207
266.066179179,0.9869740423337162,0.9103792801050481,0.9204999397604432
266.366478478,0.9838300475039564,0.9112353740763391,0.9211153355952295
266.666777778,0.980423597342158,0.9121829497881907,0.9217419485815919
266.967077077,0.9767841689207903,0.9132199562139218,0.922379561678132
267.267376376,0.9729432553456463,0.9143441487541609,0.9230279540333177
267.567675676,0.9689340932362077,0.915553094095278,0.92368690106198
267.867974975,0.9647913751188353,0.9168441754762914,0.9243561745231033
268.168274274,0.9605509492215597,0.918214598352842,0.9250355425988811
268.468573574,0.95624950926821,0.9196613964459838,0.9257247699750119
268.768872873,0.9519242769562152,0.9211814381626904,0.9264236179222056
269.069172172,0.9476126798656822,0.9227714333741857,0.9271318443788722
269.369471471,0.9433520275869062,0.9244279405374237,0.9278492040349658
269.669770771,0.9391791888688856,0.9261473741443058,0.9285754484169529
269.97007007,0.9351302725825716,0.9279260124825088,0.9293103259738767
270.270369369,0.9312403152595827,0.9297600056911275,0.9300535821644877
270.570668669,0.9275429779101982,0.9316453840936952,0.9308049595454093
270.870967968,0.9240702547441721,0.9335780667905446,0.9315641978603098
271.171267267,0.920852196314887,0.9355538704919104,0.9323310341300467
271.471566567,0.917916649482572,0.9375685185726562,0.9331052027437567
271.771865866,0.9152890164467624,0.9396176503290248,0.9338864355508556
272.072165165,0.9129920349331667,0.9416968304173783,0.9346744619539178
272.372464464,0.911045581437058,0.9438015584544939,0.9354690090024043
272.672763764,0.9094664992257786,0.9459272787586395,0.9362698014872045
272.973063063,0.9082684525887109,0.948069390210342,0.9370765620359623
273.273362362,0.9074618085959331,0.9502232562115047,0.9378890112091484
273.573661662,0.9070535473887361,0.9523842147213225,0.9387068675968525
273.873960961,0.9070472017782931,0.9545475883472603,0.9395298479162536
274.17426026,0.9074428266751445,0.9567086944692678,0.9403576671097439
274.47455956,0.90823699861404,0.958862855375304,0.9411900384436623
274.774858859,0.909422845378248,0.9610054083862417,0.942026673607613
275.075158158,0.910990105466985,0.9631317159482307,0.9428672828143272
275.375457457,0.9129252168913697,0.9652371756706777,0.9437115749000377
275.675756757,0.9152114345305346,0.9673172302881196,0.9445592574253299
275.976056056,0.9178289750323574,0.9693673775244149,0.9454100367764346
276.276355355,0.9207551880049656,0.9713831798379218,0.9462636182669285
276.576654655,0.9239647520176136,0.9733602740265465,0.9471197062398038
276.876953954,0.9274298937149014,0.9752943806718947,0.9479780041698771
277.177253253,0.9311206281482531,0.9771813134020663,0.948838214766497
277.477552553,0.9350050182449986,0.9790169879530524,0.9497000400765172
277.777851852,0.9390494511698,0.9807974310091234,0.9505631815874994
278.078151151,0.9432189291869589,0.9825187888030633,0.9514273403311099
278.37845045,0.9474773725067156,0.9841773354576491,0.9522922169866733
278.67874975,0.951787931494879,0.9857694810503042,0.9531575119848501
278.979049049,0.956113305544177,0.9872917793834849,0.9540229256113973
279.279348348,0.9604160658480065,0.9887409354439713,0.9548881581109839
279.579647648,0.9646589792835348,0.9901138125349189,0.9557529097910151
279.879946947,0.9688053306014893,0.9914074390652367,0.9566168811254387
280.180246246,0.9728192401346276,0.9926190149815929,0.9574797728584933
280.480545546,0.9766659742756529,0.9937459178291281,0.9583412861083611
280.780844845,0.980312246037919,0.9947857084277552,0.9592011224706928
281.081144144,0.9837265030980761,0.9957361361517632,0.9600589841219664
281.381443443,0.9868792008281343,0.996595143801293,0.9609145739226459
281.681742743,0.9897430579543192,0.9973608720551463,0.9617675955201002
281.982042042,0.9922932926304149,0.9980316634952833,0.9626177534512536
282.282341341,0.9945078368827853,0.998606066194302,0.9634647532449251
282.582640641,0.9963675275714128,0.9990828368581349,0.964308301523825
282.88293994,0.9978562722145061,0.9994609435171566,0.9651481061061729
283.183239239,0.9989611882417506,0.9997395677598818,0.965983876106901
283.483538539,0.999672714471194,0.9999181065044155,0.9668153220384093
283.783837838,0.9999846938451269,0.9999961733038236,0.9676421559108352
284.084137137,0.9998944267090183,0.999973599182597,0.9684640913318068
284.384436436,0.9994026941724651,0.9998504330023983,0.9692808436056386
284.684735736,0.9985137513500081,0.9996269413563016,0.9700921298319456
284.985035035,0.9972352905403022,0.9993036079917513,0.970897669003629
285.285334334,0.9955783746622663,0.998881132763492,0.9716971821042114
285.585633634,0.9935573415242019,0.9983604301187327,0.9724903922044795
285.885932933,0.9911896797542847,0.9977426271178275,0.9732770245584049
286.186232232,0.9884958774660229,0.9970290609947542,0.9740568066983085
286.486531532,0.9854992449682419,0.996221276262673,0.9748294685292359
286.786830831,0.9822257130537343,0.9953210213708288,0.9755947424225105
287.08713013,0.9787036086120451,0.9943302449200351,0.9763523633084328
287.387429429,0.9749634095080907,0.9932510914449291,0.9771020687680936
287.687728729,0.9710374808477159,0.992085896772129,0.9778435991242678
287.988028028,0.9669597949123676,0.9908371829643393,0.9785766975313605
288.288327327,0.9627656371863813,0.9895076528613483,0.9793011100643702
288.588626627,0.9584913010207157,0.9881001842297356,0.9800165858068419
288.888925926,0.9541737735752945,0.9866178235339461,0.980722876937778
289.189225225,0.949850415757621,0.9850637793422253,0.9814197388174754
289.489524525,0.9455586389272167,0.9834414153816714,0.9821069300722634
289.789823824,0.9413355811635051,0.981754243257456,0.9827842126781074
290.090123123,0.9372177858984554,0.980005914851955,0.9834513520430553
290.390422422,0.9332408856949052,0.9782002144202544,0.9841081170884928
290.690721722,0.9294392939069143,0.9763410503991335,0.9847542803291823
290.991021021,0.9258459068903112,0.9744324469472572,0.9853896179520588
291.29132032,0.9224918193402991,0.9724785352348898,0.9860139098937509
291.59161962,0.9194060552193842,0.9704835445019785,0.9866269399168063
291.891918919,0.9166153166040102,0.968451792903971,0.9872284956845889
292.192218218,0.9141437526231826,0.9663876781651698,0.9878183688348277
292.492517518,0.9120127504885489,0.9642956680598638,0.9883963550517866
292.792816817,0.9102407504242054,0.9621802907418343,0.9889622541370348
293.093116116,0.9088430860977037,0.9600461249431714,0.989515870078789
293.393415415,0.9078318519330588,0.9578977900636134,0.9900570111198073
293.693714715,0.9072157984539356,0.955739936171859,0.9905854898238077
293.994014014,0.9070002565626479,0.9535772339404999,0.9911011231403918
294.294313313,0.9071870914102029,0.9514143645363538,0.9916037324684476
294.594612613,0.9077746862565693,0.9492560094880836,0.9920931437180126
294.894911912,0.9087579564608314,0.9471068405530341,0.9925691873705731
295.195211211,0.9101283934801688,0.9449715096052159,0.9930316985377816
295.495510511,0.911874138496922,0.9428546385663316,0.9934805170185687
295.79580981,0.9139800850366293,0.9407608094016288,0.9939154873546323
296.096109109,0.9164280096890487,0.9386945542022409,0.9943364588842853
296.396408408,0.9191967298009919,0.9366603453754817,0.9947432857946391
296.696707708,0.9222622867764101,0.9346625859643226,0.9951358271721101
296.997007007,0.9255981533975735,0.9327056001170126,0.9955139470512275
297.297306306,0.9291754633733372,0.9307936237274617,0.9958775144617293
297.597605606,0.9329632611281331,0.9289307952666536,0.9962264034739251
297.897904905,0.9369287696701908,0.9271211468249293,0.9965604932423159
298.198204204,0.9410376742210395,0.9253685953845321,0.9968796680474511
298.498503504,0.9452544191519558,0.9236769343413027,0.9971838173360107
298.798802803,0.949542515657876,0.9220498252938777,0.9974728357590976
299.099102102,0.9538648575063686,0.9204907901181645,0.9977466232087283
299.399401401,0.9581840421294092,0.9190032033442413,0.9980050848525066
299.699700701,0.9624626942794222,0.917590284852194,0.9982481311664713
300.0,0.9666637894489272,0.9162550929026859,0.9984756779661051
